"","parameter","mean","se_mean","sd","X2.5.","X25.","X50.","X75.","X97.5.","n_eff","Rhat","slice"
"1","r",-0.0626240061758501,0.00570480529569546,0.137317826785457,-0.351179429430028,-0.149465404305131,-0.0563473105615396,0.0337633158683744,0.186538247195929,579.391593967265,1.00596964815699,"All data"
"2","lambda",0.172960307577874,0.00445846597607303,0.111941826117079,0.0381771995917247,0.0940799383936049,0.14599727654454,0.22103619304089,0.465663952633318,630.396598497433,1.00634828939161,"All data"
"3","prediction[1]",13.6737613797537,0.0143421851626165,0.423973233373442,12.7551251077086,13.4096200683985,13.7032283463645,13.9652619711456,14.4451292579742,873.868788683187,1.00404845855247,"All data"
"4","prediction[2]",15.6626023637912,0.0113404901015992,0.53181695075437,14.6160081764255,15.2971895171173,15.656724489729,16.0164402100489,16.6890652733302,2199.17962660391,1.00078837675677,"All data"
"5","prediction[3]",16.5733220331783,0.0115280496148857,0.607701672670575,15.3594175693652,16.1596656626468,16.569801373068,16.9782124647683,17.7249893638116,2778.87613817519,1.00033959060069,"All data"
"6","prediction[4]",17.4101031297559,0.0120928867339926,0.669443389419046,16.074876102908,16.9654218557399,17.4088059300769,17.8639981303677,18.6562493000566,3064.55728874726,1.00019286919808,"All data"
"7","prediction[5]",18.1670607011509,0.0126116986621633,0.711600965785417,16.732737515339,17.7002500911817,18.1774126083613,18.6565737697054,19.4747325991673,3183.65417945189,1.0001662473376,"All data"
"8","prediction[6]",18.8434975252808,0.0129683198564434,0.734659967094556,17.3439134704683,18.3660690159265,18.8629882155624,19.3502462941544,20.1622232945877,3209.26310144214,1.00019463851994,"All data"
"9","prediction[7]",19.4425510042228,0.0131764170570575,0.741633759307797,17.9169627132297,18.9648513734682,19.4707419865068,19.9575206222463,20.7537454593021,3167.99375176953,1.000254773185,"All data"
"10","prediction[8]",19.96982930826,0.0132438493250615,0.73626266970913,18.4284192315236,19.5030305096845,20.0077468352494,20.4847008774367,21.2591036011963,3090.55943661319,1.00033717350841,"All data"
"11","prediction[9]",20.4322542486762,0.013198011247797,0.722113880036813,18.8966984132209,19.9809643985455,20.4732358995874,20.9417772123634,21.6764674134404,2993.60432325298,1.00043658922644,"All data"
"12","prediction[10]",20.8371922363877,0.0130751464470847,0.702196185458617,19.3219918780044,20.4043441475559,20.8815389556163,21.3327001218857,22.0290675395442,2884.18961086209,1.00054890231311,"All data"
"13","prediction[11]",13.6737613797537,0.0143421851626165,0.423973233373442,12.7551251077086,13.4096200683985,13.7032283463645,13.9652619711456,14.4451292579742,873.868788683187,1.00404845855247,"All data"
"14","prediction[12]",15.6626023637912,0.0113404901015992,0.53181695075437,14.6160081764255,15.2971895171173,15.656724489729,16.0164402100489,16.6890652733302,2199.17962660391,1.00078837675677,"All data"
"15","prediction[13]",16.5733220331783,0.0115280496148857,0.607701672670575,15.3594175693652,16.1596656626468,16.569801373068,16.9782124647683,17.7249893638116,2778.87613817519,1.00033959060069,"All data"
"16","prediction[14]",17.4101031297559,0.0120928867339926,0.669443389419046,16.074876102908,16.9654218557399,17.4088059300769,17.8639981303677,18.6562493000566,3064.55728874726,1.00019286919808,"All data"
"17","prediction[15]",18.1670607011509,0.0126116986621633,0.711600965785417,16.732737515339,17.7002500911817,18.1774126083613,18.6565737697054,19.4747325991673,3183.65417945189,1.0001662473376,"All data"
"18","prediction[16]",18.8434975252808,0.0129683198564434,0.734659967094556,17.3439134704683,18.3660690159265,18.8629882155624,19.3502462941544,20.1622232945877,3209.26310144214,1.00019463851994,"All data"
"19","prediction[17]",19.4425510042228,0.0131764170570575,0.741633759307797,17.9169627132297,18.9648513734682,19.4707419865068,19.9575206222463,20.7537454593021,3167.99375176953,1.000254773185,"All data"
"20","prediction[18]",19.96982930826,0.0132438493250615,0.73626266970913,18.4284192315236,19.5030305096845,20.0077468352494,20.4847008774367,21.2591036011963,3090.55943661319,1.00033717350841,"All data"
"21","prediction[19]",20.4322542486762,0.013198011247797,0.722113880036813,18.8966984132209,19.9809643985455,20.4732358995874,20.9417772123634,21.6764674134404,2993.60432325298,1.00043658922644,"All data"
"22","prediction[20]",20.8371922363877,0.0130751464470847,0.702196185458617,19.3219918780044,20.4043441475559,20.8815389556163,21.3327001218857,22.0290675395442,2884.18961086209,1.00054890231311,"All data"
"23","prediction[21]",13.6737613797537,0.0143421851626165,0.423973233373442,12.7551251077086,13.4096200683985,13.7032283463645,13.9652619711456,14.4451292579742,873.868788683187,1.00404845855247,"All data"
"24","prediction[22]",15.6626023637912,0.0113404901015992,0.53181695075437,14.6160081764255,15.2971895171173,15.656724489729,16.0164402100489,16.6890652733302,2199.17962660391,1.00078837675677,"All data"
"25","prediction[23]",16.5733220331783,0.0115280496148857,0.607701672670575,15.3594175693652,16.1596656626468,16.569801373068,16.9782124647683,17.7249893638116,2778.87613817519,1.00033959060069,"All data"
"26","prediction[24]",17.4101031297559,0.0120928867339926,0.669443389419046,16.074876102908,16.9654218557399,17.4088059300769,17.8639981303677,18.6562493000566,3064.55728874726,1.00019286919808,"All data"
"27","prediction[25]",18.1670607011509,0.0126116986621633,0.711600965785417,16.732737515339,17.7002500911817,18.1774126083613,18.6565737697054,19.4747325991673,3183.65417945189,1.0001662473376,"All data"
"28","prediction[26]",18.8434975252808,0.0129683198564434,0.734659967094556,17.3439134704683,18.3660690159265,18.8629882155624,19.3502462941544,20.1622232945877,3209.26310144214,1.00019463851994,"All data"
"29","prediction[27]",19.4425510042228,0.0131764170570575,0.741633759307797,17.9169627132297,18.9648513734682,19.4707419865068,19.9575206222463,20.7537454593021,3167.99375176953,1.000254773185,"All data"
"30","prediction[28]",19.96982930826,0.0132438493250615,0.73626266970913,18.4284192315236,19.5030305096845,20.0077468352494,20.4847008774367,21.2591036011963,3090.55943661319,1.00033717350841,"All data"
"31","prediction[29]",20.4322542486762,0.013198011247797,0.722113880036813,18.8966984132209,19.9809643985455,20.4732358995874,20.9417772123634,21.6764674134404,2993.60432325298,1.00043658922644,"All data"
"32","prediction[30]",20.8371922363877,0.0130751464470847,0.702196185458617,19.3219918780044,20.4043441475559,20.8815389556163,21.3327001218857,22.0290675395442,2884.18961086209,1.00054890231311,"All data"
"33","prediction[31]",13.6737613797537,0.0143421851626165,0.423973233373442,12.7551251077086,13.4096200683985,13.7032283463645,13.9652619711456,14.4451292579742,873.868788683187,1.00404845855247,"All data"
"34","prediction[32]",15.6626023637912,0.0113404901015992,0.53181695075437,14.6160081764255,15.2971895171173,15.656724489729,16.0164402100489,16.6890652733302,2199.17962660391,1.00078837675677,"All data"
"35","prediction[33]",16.5733220331783,0.0115280496148857,0.607701672670575,15.3594175693652,16.1596656626468,16.569801373068,16.9782124647683,17.7249893638116,2778.87613817519,1.00033959060069,"All data"
"36","prediction[34]",17.4101031297559,0.0120928867339926,0.669443389419046,16.074876102908,16.9654218557399,17.4088059300769,17.8639981303677,18.6562493000566,3064.55728874726,1.00019286919808,"All data"
"37","prediction[35]",18.1670607011509,0.0126116986621633,0.711600965785417,16.732737515339,17.7002500911817,18.1774126083613,18.6565737697054,19.4747325991673,3183.65417945189,1.0001662473376,"All data"
"38","prediction[36]",18.8434975252808,0.0129683198564434,0.734659967094556,17.3439134704683,18.3660690159265,18.8629882155624,19.3502462941544,20.1622232945877,3209.26310144214,1.00019463851994,"All data"
"39","prediction[37]",19.4425510042228,0.0131764170570575,0.741633759307797,17.9169627132297,18.9648513734682,19.4707419865068,19.9575206222463,20.7537454593021,3167.99375176953,1.000254773185,"All data"
"40","prediction[38]",19.96982930826,0.0132438493250615,0.73626266970913,18.4284192315236,19.5030305096845,20.0077468352494,20.4847008774367,21.2591036011963,3090.55943661319,1.00033717350841,"All data"
"41","prediction[39]",20.4322542486762,0.013198011247797,0.722113880036813,18.8966984132209,19.9809643985455,20.4732358995874,20.9417772123634,21.6764674134404,2993.60432325298,1.00043658922644,"All data"
"42","prediction[40]",20.8371922363877,0.0130751464470847,0.702196185458617,19.3219918780044,20.4043441475559,20.8815389556163,21.3327001218857,22.0290675395442,2884.18961086209,1.00054890231311,"All data"
"43","prediction[41]",13.6737613797537,0.0143421851626165,0.423973233373442,12.7551251077086,13.4096200683985,13.7032283463645,13.9652619711456,14.4451292579742,873.868788683187,1.00404845855247,"All data"
"44","prediction[42]",15.6626023637912,0.0113404901015992,0.53181695075437,14.6160081764255,15.2971895171173,15.656724489729,16.0164402100489,16.6890652733302,2199.17962660391,1.00078837675677,"All data"
"45","prediction[43]",16.5733220331783,0.0115280496148857,0.607701672670575,15.3594175693652,16.1596656626468,16.569801373068,16.9782124647683,17.7249893638116,2778.87613817519,1.00033959060069,"All data"
"46","prediction[44]",17.4101031297559,0.0120928867339926,0.669443389419046,16.074876102908,16.9654218557399,17.4088059300769,17.8639981303677,18.6562493000566,3064.55728874726,1.00019286919808,"All data"
"47","prediction[45]",18.1670607011509,0.0126116986621633,0.711600965785417,16.732737515339,17.7002500911817,18.1774126083613,18.6565737697054,19.4747325991673,3183.65417945189,1.0001662473376,"All data"
"48","prediction[46]",18.8434975252808,0.0129683198564434,0.734659967094556,17.3439134704683,18.3660690159265,18.8629882155624,19.3502462941544,20.1622232945877,3209.26310144214,1.00019463851994,"All data"
"49","prediction[47]",19.4425510042228,0.0131764170570575,0.741633759307797,17.9169627132297,18.9648513734682,19.4707419865068,19.9575206222463,20.7537454593021,3167.99375176953,1.000254773185,"All data"
"50","prediction[48]",19.96982930826,0.0132438493250615,0.73626266970913,18.4284192315236,19.5030305096845,20.0077468352494,20.4847008774367,21.2591036011963,3090.55943661319,1.00033717350841,"All data"
"51","prediction[49]",20.4322542486762,0.013198011247797,0.722113880036813,18.8966984132209,19.9809643985455,20.4732358995874,20.9417772123634,21.6764674134404,2993.60432325298,1.00043658922644,"All data"
"52","prediction[50]",20.8371922363877,0.0130751464470847,0.702196185458617,19.3219918780044,20.4043441475559,20.8815389556163,21.3327001218857,22.0290675395442,2884.18961086209,1.00054890231311,"All data"
"53","prediction[51]",13.6737613797537,0.0143421851626165,0.423973233373442,12.7551251077086,13.4096200683985,13.7032283463645,13.9652619711456,14.4451292579742,873.868788683187,1.00404845855247,"All data"
"54","prediction[52]",15.6626023637912,0.0113404901015992,0.53181695075437,14.6160081764255,15.2971895171173,15.656724489729,16.0164402100489,16.6890652733302,2199.17962660391,1.00078837675677,"All data"
"55","prediction[53]",16.5733220331783,0.0115280496148857,0.607701672670575,15.3594175693652,16.1596656626468,16.569801373068,16.9782124647683,17.7249893638116,2778.87613817519,1.00033959060069,"All data"
"56","prediction[54]",17.4101031297559,0.0120928867339926,0.669443389419046,16.074876102908,16.9654218557399,17.4088059300769,17.8639981303677,18.6562493000566,3064.55728874726,1.00019286919808,"All data"
"57","prediction[55]",18.1670607011509,0.0126116986621633,0.711600965785417,16.732737515339,17.7002500911817,18.1774126083613,18.6565737697054,19.4747325991673,3183.65417945189,1.0001662473376,"All data"
"58","prediction[56]",18.8434975252808,0.0129683198564434,0.734659967094556,17.3439134704683,18.3660690159265,18.8629882155624,19.3502462941544,20.1622232945877,3209.26310144214,1.00019463851994,"All data"
"59","prediction[57]",19.4425510042228,0.0131764170570575,0.741633759307797,17.9169627132297,18.9648513734682,19.4707419865068,19.9575206222463,20.7537454593021,3167.99375176953,1.000254773185,"All data"
"60","prediction[58]",19.96982930826,0.0132438493250615,0.73626266970913,18.4284192315236,19.5030305096845,20.0077468352494,20.4847008774367,21.2591036011963,3090.55943661319,1.00033717350841,"All data"
"61","prediction[59]",20.4322542486762,0.013198011247797,0.722113880036813,18.8966984132209,19.9809643985455,20.4732358995874,20.9417772123634,21.6764674134404,2993.60432325298,1.00043658922644,"All data"
"62","prediction[60]",20.8371922363877,0.0130751464470847,0.702196185458617,19.3219918780044,20.4043441475559,20.8815389556163,21.3327001218857,22.0290675395442,2884.18961086209,1.00054890231311,"All data"
"63","prediction[61]",13.6737613797537,0.0143421851626165,0.423973233373442,12.7551251077086,13.4096200683985,13.7032283463645,13.9652619711456,14.4451292579742,873.868788683187,1.00404845855247,"All data"
"64","prediction[62]",15.6626023637912,0.0113404901015992,0.53181695075437,14.6160081764255,15.2971895171173,15.656724489729,16.0164402100489,16.6890652733302,2199.17962660391,1.00078837675677,"All data"
"65","prediction[63]",16.5733220331783,0.0115280496148857,0.607701672670575,15.3594175693652,16.1596656626468,16.569801373068,16.9782124647683,17.7249893638116,2778.87613817519,1.00033959060069,"All data"
"66","prediction[64]",17.4101031297559,0.0120928867339926,0.669443389419046,16.074876102908,16.9654218557399,17.4088059300769,17.8639981303677,18.6562493000566,3064.55728874726,1.00019286919808,"All data"
"67","prediction[65]",18.1670607011509,0.0126116986621633,0.711600965785417,16.732737515339,17.7002500911817,18.1774126083613,18.6565737697054,19.4747325991673,3183.65417945189,1.0001662473376,"All data"
"68","prediction[66]",18.8434975252808,0.0129683198564434,0.734659967094556,17.3439134704683,18.3660690159265,18.8629882155624,19.3502462941544,20.1622232945877,3209.26310144214,1.00019463851994,"All data"
"69","prediction[67]",19.4425510042228,0.0131764170570575,0.741633759307797,17.9169627132297,18.9648513734682,19.4707419865068,19.9575206222463,20.7537454593021,3167.99375176953,1.000254773185,"All data"
"70","prediction[68]",19.96982930826,0.0132438493250615,0.73626266970913,18.4284192315236,19.5030305096845,20.0077468352494,20.4847008774367,21.2591036011963,3090.55943661319,1.00033717350841,"All data"
"71","prediction[69]",20.4322542486762,0.013198011247797,0.722113880036813,18.8966984132209,19.9809643985455,20.4732358995874,20.9417772123634,21.6764674134404,2993.60432325298,1.00043658922644,"All data"
"72","prediction[70]",20.8371922363877,0.0130751464470847,0.702196185458617,19.3219918780044,20.4043441475559,20.8815389556163,21.3327001218857,22.0290675395442,2884.18961086209,1.00054890231311,"All data"
"73","lp__",-207.948039048795,0.0353954905329038,0.990374793347534,-210.648710484782,-208.318327460872,-207.639293532932,-207.256088862004,-207.002127441346,782.89457877817,1.00114502978246,"All data"
"74","r",0.858002871539347,0.00701467667936444,0.39279235888361,0.295956299488514,0.607746385028098,0.780677084612516,1.02634930774659,1.86584367951514,3135.52844388937,1.00229365564747,"ID = 2"
"75","lambda",1.84561190167995,0.0269397924631836,2.00192176304243,0.132475436079297,0.556782480300437,1.16412510751017,2.3679474998446,7.48640487563109,5522.11835078872,1.00181280749997,"ID = 2"
"76","prediction[1]",11.0258470925782,0.0190289092719136,1.27605873120681,7.81853240595511,10.3419325975259,11.4003246011819,12.0117304802984,12.4646805907369,4496.90316829575,1.00165709257033,"ID = 2"
"77","prediction[2]",11.7555567601621,0.01265491399266,0.950485371234822,9.45874277971981,11.2911322837625,11.9602910246102,12.339358906054,13.4011993707155,5641.21274506542,1.00112615539106,"ID = 2"
"78","prediction[3]",12.0823740709552,0.0113862168421576,0.937541735016013,10.0006610487946,11.6194352541504,12.161916184041,12.4901449656005,14.1005555573493,6779.88485975395,1.00087515205753,"ID = 2"
"79","prediction[4]",12.3827439083662,0.0114838097265357,1.00954333458372,10.4133253483502,11.8649848582069,12.3108274636202,12.8057640918487,14.7861693853482,7728.19292595758,1.00080743251903,"ID = 2"
"80","prediction[5]",12.6576491831057,0.012591815854244,1.12983971469287,10.7178988609944,12.0358138780283,12.4197084458448,13.1682660272837,15.4599093308411,8051.13196583359,1.00086568144154,"ID = 2"
"81","prediction[6]",12.908849791372,0.0142351955488847,1.26950908678702,10.9352872315923,12.1562928444672,12.5112634620766,13.5310431601356,16.1038303717979,7953.25217111098,1.00096304925668,"ID = 2"
"82","prediction[7]",13.1384436930981,0.0160815433598238,1.412306722322,11.1126734655563,12.2378574014962,12.6754660425214,13.8774335032176,16.6850155185986,7712.63183186519,1.00105934116881,"ID = 2"
"83","prediction[8]",13.3485872099567,0.0179912475027435,1.55045117530158,11.2363627230039,12.298238089878,12.8440961463631,14.2006124677163,17.2023057983332,7426.66155593159,1.00114344174484,"ID = 2"
"84","prediction[9]",13.5413404422416,0.0198484126256503,1.68065229191489,11.341512802185,12.3407215877628,12.9947729119521,14.505142064246,17.6802663562756,7169.75283695249,1.00121451035436,"ID = 2"
"85","prediction[10]",13.7185941524275,0.0216105742870694,1.80183468475375,11.4243114924101,12.3752217805078,13.1414639928334,14.7817209931841,18.1101260753974,6951.79999926346,1.00127437918199,"ID = 2"
"86","lp__",-34.7750582921468,0.0201681906252681,1.17101102153387,-37.8480486313041,-35.2656170476641,-34.4426005639423,-33.9313715708411,-33.5680789787781,3371.2277274904,1.00231259410064,"ID = 2"
"87","r",0.0683293276826036,0.00503768611493727,0.231708980448985,-0.325125886436106,-0.0677412361362823,0.0634178983025201,0.187384790216926,0.457234660593152,2115.55111987591,1.0021646016429,"ID = 3"
"88","lambda",0.415048363376753,0.00571891574470724,0.347907796740787,0.0606468345770855,0.17991596925413,0.314489248484395,0.536846242218785,1.35129669606706,3700.84525908371,1.00253103533927,"ID = 3"
"89","prediction[1]",13.5552760595781,0.0172897482321009,1.14536912644051,11.3953478257237,12.7679531987691,13.5192952470007,14.3102829401541,15.8872558199899,4388.47477563248,1.0014810635827,"ID = 3"
"90","prediction[2]",16.1366889414939,0.0229448737417367,1.65343090921051,12.7616935492491,15.0157650417575,16.1450753021286,17.2653302885725,19.3498289840879,5192.78999799103,1.00051360671825,"ID = 3"
"91","prediction[3]",17.1943050916211,0.0262824586284132,1.84827807995653,13.1636858917332,15.9954633712407,17.277831807662,18.4933779675715,20.5519946932277,4945.41392039661,1.00051296062702,"ID = 3"
"92","prediction[4]",18.0918720072916,0.0291651517572201,1.97696054029011,13.5201744126427,16.8770526096211,18.261456994214,19.5115311301315,21.4369322665677,4594.80961098817,1.00056772536554,"ID = 3"
"93","prediction[5]",18.8466452300861,0.0315024631872971,2.05240490104359,13.88696843289,17.6654855073243,19.1030543456757,20.3347326728475,22.0837018246337,4244.60284324595,1.00063894066837,"ID = 3"
"94","prediction[6]",19.4801899605427,0.0333374500797625,2.08990001563996,14.2081496072648,18.3583493525219,19.814532062259,20.9927458657668,22.5646809670822,3929.94309314019,1.00071449701547,"ID = 3"
"95","prediction[7]",20.0134212413992,0.0347591295046115,2.10203721116783,14.4942721602428,18.9691168906912,20.4076477205676,21.5220431069546,22.9286721213875,3657.15204576078,1.00078984205791,"ID = 3"
"96","prediction[8]",20.4646205351314,0.0358526806808437,2.09796634945127,14.7913982065028,19.5037989878103,20.9085814586873,21.9456328745137,23.2183780343304,3424.15779306966,1.00086284117678,"ID = 3"
"97","prediction[9]",20.8489801232544,0.036691665972782,2.08395551858579,15.0653714527503,19.9726087522365,21.327076553751,22.2938310673715,23.4474185616244,3225.8340910332,1.0009323385252,"ID = 3"
"98","prediction[10]",21.1788090521454,0.0373338848973521,2.06416129983752,15.3262278495772,20.3845808010045,21.6821170156676,22.5808861327923,23.6337796976383,3056.89762397389,1.00099770048692,"ID = 3"
"99","lp__",-31.1015239438039,0.0242249113157725,1.22128847513977,-34.6422143713362,-31.486699134682,-30.7154888047476,-30.2825262929384,-29.9979932259339,2541.62881778467,1.00269074230189,"ID = 3"
"100","r",0.206835639090544,0.00906137734799366,0.351986310692551,-0.241859807562278,0.0142280926943834,0.151229141030577,0.296676666188631,1.29140650457101,1508.90922646578,1.00588680763847,"ID = 7"
"101","lambda",0.442909903922172,0.00555684435224655,0.378335320196139,0.0666953794795847,0.192408197007329,0.335845577848491,0.577698634648261,1.39919449897075,4635.50773885801,1.00249228500776,"ID = 7"
"102","prediction[1]",12.9607905417329,0.0143608338065026,0.98767499345913,11.1593919486831,12.2675947778822,12.8920125138045,13.6163446897705,15.0018600304464,4730.08346106445,1.00183553435867,"ID = 7"
"103","prediction[2]",14.9433399814587,0.0276224064012837,1.63548397941421,12.1046537583024,13.7801892581865,14.9666038985267,16.0773626662176,18.1500952273932,3505.65817576073,1.00238378382877,"ID = 7"
"104","prediction[3]",15.7998198240521,0.034319078743484,1.94274086272626,12.2077514874968,14.4800131354233,15.8977404961997,17.1785482866636,19.3913854478213,3204.48695269547,1.00253169392316,"ID = 7"
"105","prediction[4]",16.5563084102775,0.0403762098139983,2.19580256210053,12.2641148579957,15.1285262570698,16.7581740502607,18.1531832047018,20.3790260869447,2957.57303438334,1.00268185857889,"ID = 7"
"106","prediction[5]",17.2177993432843,0.0456472163456645,2.3965679992369,12.2963452574647,15.7283955149074,17.5320947507127,18.9901433552106,21.142076804563,2756.45505058633,1.00283906363001,"ID = 7"
"107","prediction[6]",17.7937222305014,0.0501522523643617,2.55325483710552,12.3266115771453,16.2771959759508,18.2205259799528,19.6988035535701,21.728715002712,2591.83554935364,1.00300017928103,"ID = 7"
"108","prediction[7]",18.2949091393896,0.0539956227392105,2.67485567472026,12.345301889192,16.7927442734117,18.8282236393476,20.2943041086819,22.1854771369359,2454.05108775568,1.00316100305474,"ID = 7"
"109","prediction[8]",18.7319382650205,0.0572702796121025,2.76924751025076,12.360624822162,17.2646498070258,19.3635934510478,20.7985862873429,22.5488494020163,2338.11000814557,1.0033180245065,"ID = 7"
"110","prediction[9]",19.1143765547698,0.0600584371940323,2.84276629769453,12.3719966185935,17.699162324274,19.834131467862,21.2260637350786,22.846111224111,2240.44487083437,1.00346876211424,"ID = 7"
"111","prediction[10]",19.4505290070804,0.0624375377497381,2.90031375722195,12.3808594887633,18.1042223603585,20.2457421507689,21.5865943405236,23.0902230349323,2157.73660347306,1.00361167503198,"ID = 7"
"112","lp__",-32.8628770807652,0.0341898949963033,1.4530111399271,-36.7545992424905,-33.3234836307058,-32.3510333859191,-31.8413588235592,-31.5232025246183,1806.10233423055,1.00357449850257,"ID = 7"
"113","r",0.606370128198346,0.00581694880270769,0.231769604696114,0.247128545171707,0.502696733608795,0.590359715550905,0.662601351393445,1.22411487835809,1587.53196011028,1.00461904355455,"ID = 6"
"114","lambda",4.69201882169979,0.0867418073336165,4.71452151628658,0.22545383062456,1.23674083535508,3.10145985281798,6.62754118119987,17.3615857815273,2954.05318898623,1.00271147740622,"ID = 6"
"115","prediction[1]",9.36641025504497,0.0409789465899316,2.00845551667832,5.89379872875904,7.64959924982972,9.42082227267267,11.1568451184154,12.4659829242783,2402.16510804593,1.00315432289032,"ID = 6"
"116","prediction[2]",11.8284475425796,0.0191216420882685,1.23667334544826,9.61532293445057,10.9204067010282,11.8351728929052,12.603591730706,14.4029989456186,4182.72806880155,1.00087951990827,"ID = 6"
"117","prediction[3]",12.8823324015814,0.017658541503512,1.24903968771858,10.6732082374567,12.0467442466805,12.729255899914,13.6666546985883,15.5972848467483,5003.14183983035,1.00087255939698,"ID = 6"
"118","prediction[4]",13.7911549007533,0.0222692686332019,1.41945238772228,11.3273890268528,12.7318478657718,13.7029002141284,14.7298043104723,16.7470649280157,4062.8402942567,1.00169955383178,"ID = 6"
"119","prediction[5]",14.5695640832098,0.0281725196763576,1.62751971694037,11.7144443648653,13.3693107382935,14.5788393468568,15.6958133381848,17.7678645838291,3337.34523870843,1.00246441716031,"ID = 6"
"120","prediction[6]",15.2375078761933,0.0336824691165361,1.82425475839598,11.9178074476511,13.9409442734739,15.3425814974805,16.5306449779017,18.6386939394591,2933.34493414633,1.00302542412347,"ID = 6"
"121","prediction[7]",15.8138623179224,0.0385582796558635,1.99669579272803,12.0575730019376,14.4460040515856,16.0085704793079,17.2551703414553,19.3539936084353,2681.56610758325,1.00343802246871,"ID = 6"
"122","prediction[8]",16.3146595401796,0.0428088902567774,2.14412239955926,12.1323097872837,14.8847161181469,16.5987459500551,17.8791229716318,19.9472671527422,2508.59878992683,1.00375450509266,"ID = 6"
"123","prediction[9]",16.752981757732,0.0464875116417901,2.26932308692739,12.1829444420406,15.286027376165,17.112621022721,18.4267975260058,20.446372440596,2382.97816316846,1.00400735940759,"ID = 6"
"124","prediction[10]",17.1393560885195,0.0496852329270818,2.37571989496862,12.2238258088645,15.6591038870267,17.5738927822124,18.8990116714637,20.8694636718189,2286.31364829664,1.00421605999994,"ID = 6"
"125","lp__",-32.2132648984318,0.0349809296353724,1.43316278715024,-36.0218321781076,-32.7792663304189,-31.7774960461462,-31.1642501645051,-30.7406504348106,1678.52707972969,1.00527451541321,"ID = 6"
"126","r",0.718647575320755,0.00796282552087551,0.455983916935999,0.0885829047131072,0.411642135231468,0.605901527078771,0.931460852225993,1.86144761426042,3279.17542324151,1.00123088660026,"ID = 1"
"127","lambda",0.876959932663791,0.0107512772475267,0.818480733295034,0.0924951382198135,0.337734482653045,0.635912946638428,1.13452837347355,3.07147621950558,5795.5785827554,1.00036361927668,"ID = 1"
"128","prediction[1]",11.7500381334068,0.0114271245013978,0.771992459807691,9.83026690875522,11.3866942080965,11.9232490952472,12.2605932818875,12.9465162591417,4564.06897097684,1.00123618259445,"ID = 1"
"129","prediction[2]",12.5275961607114,0.0114322919990281,0.875105673047066,11.0184105375764,12.0411485596988,12.3616178516491,12.9149471859959,14.7076700868483,5859.416659275,1.00035952803902,"ID = 1"
"130","prediction[3]",12.8797656442813,0.0139654390242414,1.08726328614449,11.334110643841,12.1964886041276,12.4942317064512,13.4272088201693,15.6105327837811,6061.22297628983,1.00029713835761,"ID = 1"
"131","prediction[4]",13.2058713927128,0.0170321596847424,1.31937022776296,11.5334089550519,12.2870780555173,12.7314936292775,13.9287178527505,16.4782337987617,6000.58952089545,1.00033454058821,"ID = 1"
"132","prediction[5]",13.5064126420554,0.0201731869236438,1.5454519256504,11.6707883177757,12.3474834920476,12.9612760714932,14.415174036102,17.274033643736,5868.97114984738,1.00039054036673,"ID = 1"
"133","prediction[6]",13.782721707023,0.0232001624815029,1.75604007203603,11.7538880221309,12.3875962401278,13.1890973739833,14.877544475069,17.9827995657367,5729.10512394008,1.00044464201772,"ID = 1"
"134","prediction[7]",14.036568704209,0.0260465241880579,1.94847459577049,11.8216744475017,12.4200865216404,13.4011832798021,15.3103505245417,18.5981042180253,5596.15767675619,1.00049292205839,"ID = 1"
"135","prediction[8]",14.2698884993122,0.0286933518956889,2.12288870856121,11.8805075928975,12.4442156132393,13.6022725129613,15.7077122825243,19.1385565131416,5473.83730508258,1.00053539917276,"ID = 1"
"136","prediction[9]",14.4846124355928,0.0311424458618534,2.28052390522117,11.9194874754955,12.4653050317042,13.7930341906941,16.0831626860243,19.6102286175991,5362.45698809853,1.00057287595283,"ID = 1"
"137","prediction[10]",14.6825746054109,0.03340448053643,2.42299269866842,11.9486005992992,12.4828113990568,13.9843262967104,16.43665856217,20.0244725239876,5261.32059216985,1.00060617703015,"ID = 1"
"138","lp__",-35.1417187696533,0.0187323721894176,1.15466246421574,-38.0819870185968,-35.7033703432431,-34.8760009986285,-34.2625475882598,-33.8463998391907,3799.48329831666,1.00175669109981,"ID = 1"
"139","r",-1.27134606041915,0.0100465835891745,0.681717101347608,-2.84307555552826,-1.68035815960215,-1.16833299523285,-0.750980394233873,-0.261151809641792,4604.384395919,1.00200196262647,"ID = 4"
"140","lambda",1.87857116695026,0.0331223267878266,2.50827154445592,0.168993652617922,0.593406417995006,1.13944864773434,2.20756958544524,7.9892603026828,5734.65673748129,1.00038418685323,"ID = 4"
"141","prediction[1]",24.9602957571292,0.0016021180738651,0.161018887463118,24.5530602753991,24.9997161187445,25,25,25,10101.0054072466,1.00070936349694,"ID = 4"
"142","prediction[2]",24.9896813494855,0.000491850338309638,0.0496634899040161,24.8762703474,24.9999992980573,25,25,25,10195.4997967608,1.00060199513322,"ID = 4"
"143","prediction[3]",24.9940956109115,0.000314386414991276,0.0318542696016674,24.9315345504072,24.9999999767278,25,25,25,10266.153653956,1.00057089388001,"ID = 4"
"144","prediction[4]",24.9964814168928,0.000209131328063123,0.0212901918842909,24.9619393394634,24.9999999993833,25,25,25,10363.8462268293,1.00054494468175,"ID = 4"
"145","prediction[5]",24.9978378936037,0.000143016445151671,0.0146463053915646,24.9790547151379,24.9999999999878,25,25,25,10487.7955595611,1.00051635743398,"ID = 4"
"146","prediction[6]",24.998638390991,9.98281938116508e-05,0.0102976448156417,24.9883810454108,24.9999999999998,25,25,25,10640.6801604218,1.00048126833029,"ID = 4"
"147","prediction[7]",24.9991248165331,7.0748020710801e-05,0.00736571062267718,24.9936976093475,25,25,25,25,10839.2870306595,1.0004387370747,"ID = 4"
"148","prediction[8]",24.9994275752306,5.0746898434671e-05,0.00534256830010176,24.9965994610632,25,25,25,25,11083.6080090717,1.00038989052832,"ID = 4"
"149","prediction[9]",24.9996198762553,3.67645481441504e-05,0.00391996450738809,24.9982126015192,25,25,25,25,11368.5690605235,1.0003371273778,"ID = 4"
"150","prediction[10]",24.9997441748928,2.68629496097228e-05,0.0029038107312628,24.9990716246578,25,25,25,25,11685.0134581295,1.00028336413517,"ID = 4"
"151","lp__",-1.86441479382809,0.0147652128218572,0.988822418840084,-4.54540211141216,-2.21738094498401,-1.55031548349071,-1.17240347151811,-0.940252447805208,4484.94566850871,1.00161692730141,"ID = 4"
"152","r",-1.27134606041915,0.0100465835891745,0.681717101347608,-2.84307555552826,-1.68035815960215,-1.16833299523285,-0.750980394233873,-0.261151809641792,4604.384395919,1.00200196262647,"ID = 5"
"153","lambda",1.87857116695026,0.0331223267878266,2.50827154445592,0.168993652617922,0.593406417995006,1.13944864773434,2.20756958544524,7.9892603026828,5734.65673748129,1.00038418685323,"ID = 5"
"154","prediction[1]",24.9602957571292,0.0016021180738651,0.161018887463118,24.5530602753991,24.9997161187445,25,25,25,10101.0054072466,1.00070936349694,"ID = 5"
"155","prediction[2]",24.9896813494855,0.000491850338309638,0.0496634899040161,24.8762703474,24.9999992980573,25,25,25,10195.4997967608,1.00060199513322,"ID = 5"
"156","prediction[3]",24.9940956109115,0.000314386414991276,0.0318542696016674,24.9315345504072,24.9999999767278,25,25,25,10266.153653956,1.00057089388001,"ID = 5"
"157","prediction[4]",24.9964814168928,0.000209131328063123,0.0212901918842909,24.9619393394634,24.9999999993833,25,25,25,10363.8462268293,1.00054494468175,"ID = 5"
"158","prediction[5]",24.9978378936037,0.000143016445151671,0.0146463053915646,24.9790547151379,24.9999999999878,25,25,25,10487.7955595611,1.00051635743398,"ID = 5"
"159","prediction[6]",24.998638390991,9.98281938116508e-05,0.0102976448156417,24.9883810454108,24.9999999999998,25,25,25,10640.6801604218,1.00048126833029,"ID = 5"
"160","prediction[7]",24.9991248165331,7.0748020710801e-05,0.00736571062267718,24.9936976093475,25,25,25,25,10839.2870306595,1.0004387370747,"ID = 5"
"161","prediction[8]",24.9994275752306,5.0746898434671e-05,0.00534256830010176,24.9965994610632,25,25,25,25,11083.6080090717,1.00038989052832,"ID = 5"
"162","prediction[9]",24.9996198762553,3.67645481441504e-05,0.00391996450738809,24.9982126015192,25,25,25,25,11368.5690605235,1.0003371273778,"ID = 5"
"163","prediction[10]",24.9997441748928,2.68629496097228e-05,0.0029038107312628,24.9990716246578,25,25,25,25,11685.0134581295,1.00028336413517,"ID = 5"
"164","lp__",-1.86441479382809,0.0147652128218572,0.988822418840084,-4.54540211141216,-2.21738094498401,-1.55031548349071,-1.17240347151811,-0.940252447805208,4484.94566850871,1.00161692730141,"ID = 5"
