"","par","mean","se_mean","sd","X2.5.","X25.","X50.","X75.","X97.5.","n_eff","Rhat"
"1","sigma_x",0.0189708736691461,8.6917615993124e-05,0.00209433887403416,0.0138950922676769,0.0179761672923457,0.0192931813482537,0.0203505255111539,0.0222496457410688,580.601690814693,1.00740280428757
"2","nu_x",20.3141612613824,0.836234124239109,31.8078070006434,0.917259034365537,3.9735812174947,10.8971490146727,23.929629705763,97.9814400346559,1446.81060499147,1.00285490457337
"3","sigma_y",0.0244516084073676,7.59156096357407e-05,0.00287411103717497,0.0194737355246028,0.0224754493059704,0.0242741450167437,0.0262055530209305,0.0304546780364458,1433.3257958658,1.00187853898951
"4","nu_y",4.16683956802884,0.334519159637112,9.05275415283637,1.20762152708469,1.62976521783684,1.99513135434543,2.68438802834141,26.9330999499822,732.351302748521,1.00450714265243
"5","lpr[1]",-1.73383200784212,0.00180360405558828,0.116062968979708,-1.9676799325127,-1.80895076456335,-1.73088497539508,-1.65348578539669,-1.51660533532354,4140.99728279026,1.00061617636784
"6","lpr[2]",-1.11079048288891,0.00164983987706389,0.0735275160355121,-1.25725285775447,-1.15822249464545,-1.10907225142515,-1.0622126135557,-0.970344551867331,1986.16898674772,1.00166629453754
"7","lpr[3]",-1.99177749356182,0.00211782154604734,0.0849410597474941,-2.16554935985714,-2.04929691544777,-1.99091934026385,-1.93276037499302,-1.82699221490398,1608.63170982952,1.00122779309408
"8","lpr[4]",-2.82709088981588,0.00275026503466423,0.122759276248915,-3.0741776787863,-2.90714784180619,-2.82406034837231,-2.74220560466485,-2.60165884763057,1992.32205963178,1.00078683444787
"9","lpr[5]",-3.70807790048879,0.00271999012423511,0.125851121070529,-3.95816560826191,-3.78998013418142,-3.70585551555529,-3.62303622237515,-3.46947105165816,2140.81689123208,1.00124498096191
"10","prob[1]",0.177792110047479,0.000312469262187553,0.0205095235192181,0.139780782011889,0.163825938678658,0.177127587040396,0.191381629341464,0.219455602580547,4308.20676041756,1.0005906122062
"11","prob[2]",0.330186493729378,0.000541518349185133,0.0241807811622416,0.284434336681534,0.314043899798763,0.329864850827625,0.345690084950487,0.378952446888835,1993.95016180821,1.00150279907795
"12","prob[3]",0.136944819232445,0.000289597436790383,0.0116234959554124,0.114686912927705,0.128825446936014,0.136569813590776,0.144748087646822,0.160896783655688,1610.95760131492,1.00124006115272
"13","prob[4]",0.0596284645489881,0.000163218918855132,0.00725351470946474,0.0462276278944193,0.0546313250540726,0.059364412501354,0.0644280872452422,0.074150473317855,1974.94951590562,1.00079264324277
"14","prob[5]",0.024718707165069,6.68679231350163e-05,0.00310334160084862,0.0190981156538606,0.0225960508014972,0.0245791805000982,0.0267014817894024,0.0311334943181206,2153.88988809712,1.00127753145378
"15","pr_letter[1]",0.997148582435878,0.000133981292947995,0.00388632061152207,0.985374571360104,0.996528690667484,0.998484061175155,0.999439404356574,0.99998050686226,841.373681197574,1.00505113144719
"16","pr_letter[2]",0.994473960493131,0.000188533344854725,0.00582061157923223,0.977502992978074,0.992770587808532,0.996259921148345,0.998328123181624,0.999881293391658,953.14921087248,1.00397100873002
"17","pr_letter[3]",0.990847852417911,0.000241337062215817,0.00788218820127428,0.968893218912415,0.98781743287318,0.992950722266753,0.996377453242408,0.99957506788281,1066.70801144976,1.00317094474448
"18","pr_letter[4]",0.986383154378377,0.000287789200216129,0.00990948891203011,0.960415784248858,0.981841777662774,0.988585429823405,0.993503479404426,0.998844692982011,1185.6418697984,1.00256678225751
"19","pr_letter[5]",0.981130350606707,0.000326477895279668,0.0118300235211955,0.95122148149775,0.975010991722491,0.983440115930837,0.989671803535466,0.997536811109388,1312.99675351772,1.00209230374808
"20","pr_letter[6]",0.975119325402455,0.000356916297852394,0.0136000205793125,0.942162087064236,0.967714147139849,0.977264125444668,0.984943217305308,0.99547650552928,1451.93231724494,1.00170938841692
"21","pr_letter[7]",0.968373760831972,0.000380045611616134,0.0151890410871047,0.932661192224588,0.959750847149011,0.970310194739532,0.979208214706919,0.992490414553598,1597.3102170244,1.00139618725833
"22","pr_letter[8]",0.960916455578222,0.000396554238737765,0.0165759589196847,0.923714250922755,0.951164765440781,0.962581832842003,0.972702834128869,0.988464838342377,1747.23825875388,1.00114049985652
"23","pr_letter[9]",0.952771363967769,0.000407292881375562,0.0177480589130595,0.914127631298458,0.942178943821372,0.954301849238701,0.965319484171445,0.983402031191221,1898.83874224844,1.00093554965935
"24","pr_letter[10]",0.943964380389994,0.000412479151501907,0.0187012314861916,0.904417521086304,0.932480047027448,0.945296575765891,0.957126211182934,0.977167318871761,2055.58957940051,1.00077676740645
"25","pr_letter[11]",0.934523650593178,0.00041321588669409,0.0194403045577628,0.893563061415364,0.922400742632085,0.935583040601205,0.948062697250899,0.96996981150501,2213.36026127765,1.00065968812921
"26","pr_letter[12]",0.924479682919487,0.000410675177388678,0.0199787631554649,0.882533459280647,0.911821494465288,0.925477658235802,0.938092513882711,0.961483566849206,2366.68408352074,1.00057895815947
"27","pr_letter[13]",0.913865291662481,0.000405389226994236,0.0203376910638522,0.871871772339816,0.90094791041361,0.914813295077599,0.927741130757698,0.951591570037099,2516.85899494975,1.00052817795185
"28","pr_letter[14]",0.902715301832037,0.000396225592613833,0.0205443010954277,0.859913400589288,0.889531339101756,0.903576351659256,0.916707308656587,0.94065162667166,2688.42357786619,1.00050036953867
"29","pr_letter[15]",0.891065990070702,0.000379720554975439,0.0206304430418898,0.848815770593256,0.877771564298895,0.891954660609695,0.904993849309895,0.928904745354521,2951.81336886481,1.00048888914744
"30","pr_letter[16]",0.878954367207938,0.000361177361810393,0.0206311594608042,0.836523764359133,0.865627286704571,0.879670506531508,0.892878259193699,0.916941541544477,3262.91851875652,1.00048850314303
"31","pr_letter[17]",0.866417499457776,0.000341356528692427,0.0205830885463552,0.824123154800946,0.853117571077285,0.866986456848408,0.880168011704069,0.904366387625277,3635.83911668137,1.0004962619042
"32","pr_letter[18]",0.853492049042944,0.000324470089308081,0.0205224902679026,0.811874432838469,0.840305756941933,0.854157653441921,0.867215043272261,0.89135328518926,4000.46780947336,1.00051183802127
"33","pr_letter[19]",0.840214115359315,0.000316933818534718,0.0204828685774231,0.798228487213645,0.82692087977092,0.84099345069032,0.854026275090689,0.877653851214321,4176.80683167411,1.00053713887266
"34","pr_letter[20]",0.826619342999488,0.00031286862722422,0.0204924439427492,0.784812159386902,0.81302633751819,0.827370358302826,0.8405947554111,0.864484294162631,4290.06110683013,1.00057523231593
"35","pr_letter[21]",0.812743187109688,0.000313231252273223,0.0205719490197281,0.771370738449035,0.79913088884537,0.813593857079536,0.826763810882092,0.851206329950222,4313.40964690139,1.00062889297846
"36","pr_letter[22]",0.798621206441553,0.000318487543191774,0.0207332620780587,0.756754566945051,0.785078213334346,0.799356968602916,0.812678228912612,0.837683278006728,4237.8967678156,1.00069927473861
"37","pr_letter[23]",0.784289277893593,0.000328523804001902,0.0209792178440459,0.741964320505737,0.770623476356875,0.784944024741522,0.798678814977844,0.824302394750505,4077.97819618571,1.00078519597181
"38","pr_letter[24]",0.769783670488113,0.000342720599138443,0.021304610138004,0.726761051858941,0.755692372156066,0.770276386051737,0.784567924238294,0.811187906781396,3864.26379324532,1.00088324778337
"39","pr_letter[25]",0.75514096175337,0.000360141586259301,0.02169807590895,0.711831630226461,0.74071877356935,0.755672979173538,0.769916217122574,0.79748606633834,3629.91037555664,1.00098855933989
"40","pr_letter[26]",0.740397813857869,0.000379742325165462,0.0221443710915284,0.695876516046555,0.725816456034857,0.740916571069006,0.755387939056745,0.7835870345886,3400.54628815224,1.00109581833879
"41","pr_letter[27]",0.725590646911114,0.000405011255115874,0.0226265644102645,0.680539713467556,0.710730283024011,0.725856142420338,0.741032175938072,0.77034447430935,3121.06668473133,1.00120015877408
"42","pr_letter[28]",0.710755254000097,0.00043024759351531,0.0231278281677916,0.664743588077134,0.695657215932923,0.710965950056605,0.726555314917977,0.756161721374798,2889.56723551558,1.00129770937221
"43","pr_letter[29]",0.695926400401534,0.000454982203934618,0.0236326939346342,0.648906353345946,0.680585901734975,0.696070799992285,0.712229459810862,0.74245126117928,2697.97325861316,1.00138578920119
"44","pr_letter[30]",0.681137441910149,0.000478518586209638,0.0241277895478703,0.633346798148564,0.66559073931972,0.681222087715435,0.697704451115292,0.728692615178905,2542.36236140269,1.00146284781267
"45","pr_letter[31]",0.666419987560324,0.00050037714679875,0.0246021553165428,0.61775985680955,0.650197280124425,0.666540085533515,0.683088000415647,0.714837313431712,2417.41592675495,1.0015282704598
"46","pr_letter[32]",0.65180362238578,0.000520254522902091,0.025047261593403,0.602486032239035,0.635350339982951,0.651883460515625,0.668851023426105,0.700701156460898,2317.86839703294,1.00158214271495
"47","pr_letter[33]",0.637315697512327,0.000537985417385462,0.0254568396159294,0.587135466363052,0.620540136177031,0.637477636480413,0.654671438021883,0.687526022828392,2239.07151568912,1.00162503023761
"48","pr_letter[34]",0.622981188349199,0.000553509729827782,0.0258266129319916,0.572119243144234,0.60576985774375,0.623006631059118,0.640600647751419,0.674211145960306,2177.13013153461,1.00165779797853
"49","pr_letter[35]",0.608822617002576,0.000566845406184383,0.0261539903907185,0.557038279285398,0.591571142952713,0.608875456690995,0.62662869857288,0.65999896564448,2128.85781858381,1.00168147364298
"50","pr_letter[36]",0.594860032083203,0.000578066532155475,0.0264377594217384,0.542817121426943,0.57740299888152,0.594962916501256,0.612817924024286,0.646652700353858,2091.67227708352,1.00169715071156
"51","pr_letter[37]",0.581111037503777,0.000587285934068446,0.0266778017509775,0.528020688887264,0.563482226390724,0.581049627547044,0.599079260361615,0.63355770575151,2063.48294243543,1.00170592304439
"52","pr_letter[38]",0.567590861321955,0.000594641540179275,0.026874842375538,0.514183703795184,0.549842548747145,0.56755942569627,0.5856903627396,0.620497245550347,2042.59075614107,1.00170884303811
"53","pr_letter[39]",0.554312455870354,0.000600285830223945,0.0270302354120434,0.500825146470383,0.536453167743235,0.554385635205688,0.572430802828371,0.607221467997543,2027.60555454897,1.00170689655508
"54","pr_letter[40]",0.541286621066238,0.000604377796486278,0.027145786167498,0.487404920160582,0.523439711807155,0.541228790764676,0.559354905593171,0.594382909192122,2017.38062547086,1.00170098939393
"55","pr_letter[41]",0.528522143708649,0.000607076931862293,0.0272236064890696,0.47455980939557,0.510446727369684,0.528406441378747,0.546755941016271,0.582024104208982,2010.96196220542,1.0016919414796
"56","pr_letter[42]",0.516025946601386,0.000608538842117845,0.0272659994114274,0.462776206349135,0.497967923388116,0.515813701600914,0.534285136269268,0.569635980999969,2007.54937021371,1.00168048607702
"57","pr_letter[43]",0.503803242384047,0.000608912149571199,0.0272753688402879,0.450144923974174,0.485732938580759,0.503649141945092,0.521926704890631,0.557677019912733,2006.4668330163,1.00166727217265
"58","pr_letter[44]",0.491857687944387,0.000608336414615373,0.0272541501600826,0.438296954645678,0.473693694764447,0.491812810738369,0.51010130070482,0.545768522762059,2007.13997744679,1.0016528687685
"59","pr_letter[45]",0.480191536184805,0.000606940851172625,0.0272047580232169,0.426827680557469,0.462201493916043,0.479973400810489,0.498226651926403,0.534048704761568,2009.07891554182,1.0016377702504
"60","pr_letter[46]",0.468805782705112,0.000604843653695933,0.027129548040191,0.415387730583739,0.450963270839304,0.468510246321908,0.48678988511598,0.522508145171934,2011.8651195254,1.00162240227792
"61","pr_letter[47]",0.457700305637385,0.000602151787915382,0.0270307895689035,0.404471174948233,0.439956024697503,0.457271634974933,0.475564638117292,0.511172703723444,2015.14129501418,1.00160712783543
"62","pr_letter[48]",0.446873997430015,0.000598961126228265,0.0269106472564584,0.393896197646842,0.429067850325468,0.446461076979333,0.464800581549468,0.500048584789471,2018.6034616566,1.00159225321316
"63","pr_letter[49]",0.436324887835603,0.000595356832365643,0.0267711693974079,0.384274550943944,0.418600671936832,0.436024970022725,0.453992776810322,0.489118403029231,2021.99464111138,1.00157803377319
"64","pr_letter[50]",0.42605025772231,0.000591413919521809,0.0266142815307643,0.374679806298734,0.40833387721085,0.425941627676105,0.443567828840382,0.478338086707036,2025.09970078362,1.00156467941273
"65","pr_letter[51]",0.416046743612879,0.00058719792218375,0.026441784003736,0.365117354012313,0.398517431793868,0.415874029762936,0.433455366314227,0.468313729764001,2027.74101750016,1.00155235967553
"66","pr_letter[52]",0.406310433072079,0.000582765635025512,0.0262553524862816,0.355964030774208,0.388951736347301,0.406007895052373,0.423635142468496,0.458490719613928,2029.77471566759,1.00154120848764
"67","pr_letter[53]",0.396836951223012,0.000578165882929306,0.0260565406323886,0.346798586389503,0.379657848937362,0.396465673492844,0.413893216497109,0.448917810801523,2031.08730493748,1.00153132851097
"68","pr_letter[54]",0.387621538786082,0.00057344029487797,0.0258467842572529,0.338207601127837,0.370533414166788,0.387143264439963,0.404602424738486,0.439413666704295,2031.5925970893,1.00152279511924
"69","pr_letter[55]",0.378659122110388,0.000568875681836349,0.0256274065399979,0.329784853951602,0.36170991139431,0.378267153722315,0.395439001734851,0.430007091650542,2029.43234872661,1.00151566000845
"70","pr_letter[56]",0.369944375713679,0.000564336858215557,0.0253996238745363,0.321411614772357,0.353088148552934,0.369620122027127,0.386578660301631,0.420827155700623,2025.71217794879,1.00150995445876
"71","pr_letter[57]",0.361471777870402,0.000559758304757418,0.0251645520813859,0.313624117086652,0.34474441210129,0.361025025748945,0.377890238824799,0.411879020259305,2021.05120941221,1.00150569226757
"72","pr_letter[58]",0.353235659793186,0.000555159351438312,0.0249232127647961,0.305864237798321,0.336730457256934,0.352827053975331,0.369420785705777,0.403142011905072,2015.45325793142,1.0015028723752
"73","pr_letter[59]",0.345230248945806,0.000550555522119289,0.024676539655918,0.298518494834659,0.328877763207567,0.344909254299539,0.361163243648344,0.394858611033707,2008.93679244828,1.00150148120542
"74","pr_letter[60]",0.337449707008939,0.000545959087290643,0.0244253848268676,0.291188577550357,0.321192779734027,0.337128487654897,0.353127072858195,0.386820066242521,2001.53243170947,1.00150149474301
"75","pr_letter[61]",0.329888162996603,0.000541331400989299,0.0241705246948159,0.284157711865012,0.313751639014519,0.329565737770722,0.345380168823432,0.37862198426602,1993.63530790401,1.0015028803703
"76","pr_letter[62]",0.322539741993463,0.000536677991062149,0.0239126657616716,0.277269757165883,0.306595169772609,0.322202096471963,0.338016727513793,0.370878692565589,1985.31039381292,1.00150559848368
"77","pr_letter[63]",0.315398589952887,0.000532066356698309,0.0236524500551119,0.27063452170328,0.299668062807698,0.314997363834803,0.330868471938037,0.363116378048941,1976.15347639357,1.00150960391048
"78","pr_letter[64]",0.308458894964093,0.000527499382686542,0.0233904602519915,0.264080980860994,0.292814035055109,0.308175714109369,0.323724929088288,0.355454977075587,1966.22685504944,1.00151484714531
"79","pr_letter[65]",0.301714905364969,0.000522978675559645,0.0231272244765504,0.257761991795689,0.286179327210641,0.301412648849308,0.316854808310375,0.348205756167007,1955.59568226479,1.00152127542367
"80","pr_letter[66]",0.295160945045914,0.000518504826692706,0.0228632207742128,0.251717800354412,0.279841622657248,0.294809741485759,0.310156742365085,0.341130354345249,1944.32657897152,1.00152883364975
"81","pr_letter[67]",0.288791426259875,0.000514077637023393,0.022598881267782,0.245822588168302,0.27365327497582,0.28848781349247,0.303620904506041,0.334590561718722,1932.48644756856,1.00153746519381
"82","pr_letter[68]",0.282600860224976,0.000509696307305629,0.0223345960070347,0.240130123281984,0.267654070122188,0.282390517962521,0.297262721350786,0.327776039061681,1920.14147366668,1.00154711257338
"83","pr_letter[69]",0.276583865779029,0.00050535959769091,0.0220707165255222,0.234559376574265,0.261744584530826,0.27626475259675,0.291082466538044,0.321075468569537,1907.3563045845,1.00155771803135
"84","pr_letter[70]",0.270735176319869,0.000501065960247714,0.0218075591201299,0.229165606186898,0.256070035520853,0.270406045905419,0.28506462645824,0.314723835877857,1894.1933904192,1.00156922402296
"85","pr_letter[71]",0.265049645241971,0.00049681364780049,0.0215454078698947,0.223995866635868,0.250599990232707,0.264711679970254,0.279240776567387,0.308508832060254,1880.71247211535,1.00158157362233
"86","pr_letter[72]",0.259522250058124,0.000492600802212613,0.0212845174109363,0.219205486203887,0.245216834927518,0.259168459741125,0.273573347292384,0.302486556117222,1866.97020027248,1.00159471085842
"87","pr_letter[73]",0.254148095375095,0.000488471851990016,0.0210251154842829,0.214355119479903,0.239968420338434,0.253772236288568,0.268133207029651,0.29653429626817,1852.66840153772,1.00160858098921
"88","pr_letter[74]",0.248922414874083,0.000484481011155311,0.0207674052729862,0.209787552739778,0.234863529427865,0.248556965106846,0.262651979241344,0.290663730052899,1837.43065019281,1.00162313072201
"89","pr_letter[75]",0.243840572430272,0.000480520419609888,0.0205115675443247,0.205202007203721,0.229908304738706,0.2434603364209,0.257331835233971,0.285149737317334,1822.10755013731,1.00163830838695
"90","pr_letter[76]",0.238898062490877,0.000476588099857497,0.0202577626121519,0.20076329960846,0.225175375155012,0.238487256038154,0.252283131082053,0.279812622169375,1806.74377518755,1.00165406406999
"91","pr_letter[77]",0.23409050981757,0.000472682231381252,0.0200061321336241,0.196412658120033,0.220543474023861,0.233625358538119,0.247250472600399,0.274566309714745,1791.37996058464,1.00167034971107
"92","pr_letter[78]",0.229413668687023,0.000468801162180548,0.0197568007536677,0.192221143941413,0.216041394906355,0.228901931679813,0.242363026284503,0.269432239172735,1776.05283296809,1.00168711917238
"93","pr_letter[79]",0.224863421632405,0.000464943414393395,0.0195098776096628,0.188124863547084,0.211662461638117,0.224370813019117,0.237593913919242,0.264228530641126,1760.79537464795,1.00170432828112
"94","pr_letter[80]",0.220435777798833,0.000461107685209787,0.0192654577079399,0.184204966330046,0.207376112824959,0.219911219401787,0.233033495276247,0.259472920687909,1745.63701257936,1.00172193485064
"95","pr_letter[81]",0.216126870977054,0.000457292844100894,0.0190236231828303,0.180470206267567,0.203243537644395,0.215591134685643,0.228638907777758,0.254636906154718,1730.60382391748,1.0017398986835
"96","pr_letter[82]",0.211932957371781,0.000453497927227918,0.0187844444481882,0.176755198955455,0.19922310409698,0.211369125281813,0.224287256496409,0.249870676504254,1715.71875139112,1.00175818155916
"97","pr_letter[83]",0.207850413154121,0.000449722129753409,0.0185479812505211,0.173145745258472,0.195268786869349,0.207325415142244,0.220006139765481,0.24533678664606,1701.00182295575,1.00177674720921
"98","pr_letter[84]",0.203875731841324,0.000445964796654208,0.0183142836321258,0.169640087618737,0.191462170075255,0.203304593187566,0.215897150506386,0.241162360701392,1686.47037127448,1.00179556128226
"99","pr_letter[85]",0.200005521541547,0.000442225412528468,0.0180833928119373,0.166233470266708,0.187734547479414,0.199429048700795,0.21184622484953,0.236982057020103,1672.13924952238,1.00181459130045
"100","pr_letter[86]",0.19623650209642,0.000438503590797076,0.0178553419911539,0.162922478478613,0.184140150906014,0.195697187048822,0.207906094750214,0.232764722334866,1658.02104082662,1.00183380660945
"101","pr_letter[87]",0.192565502149847,0.000434799062621373,0.0176301570901048,0.159703827495824,0.180628278927248,0.192084936165273,0.204053770672692,0.22865804529843,1644.12625934631,1.00185317832314
"102","pr_letter[88]",0.188989456167617,0.000431111665792259,0.0174078574222719,0.156574357767693,0.177179730309335,0.18847612621414,0.200287795596695,0.224727323673359,1630.46354157654,1.00187267926464
"103","pr_letter[89]",0.185505401429014,0.000427441333789669,0.0171884563108736,0.153531030293984,0.173864789896457,0.184935172220053,0.19666150129057,0.220867499338744,1617.03982694002,1.00189228390433
"104","pr_letter[90]",0.182110475008571,0.000423788085164319,0.016971961652945,0.150570922077289,0.170610413964316,0.181550674636534,0.193148896183348,0.216994418334454,1603.86052711931,1.00191196829614
"105","pr_letter[91]",0.178801910763497,0.000420152013354555,0.0167583764354236,0.147691221693407,0.167392186230874,0.178195621597009,0.189628316307382,0.213282479661671,1590.92968389597,1.00193171001273
"106","pr_letter[92]",0.175577036339948,0.000416533277018919,0.0165476992073546,0.144889224985658,0.164278107060617,0.174937562221587,0.186223617825468,0.209589568909073,1578.25011550889,1.00195148808022
"107","pr_letter[93]",0.172433270209263,0.000412932090938744,0.0163399245119717,0.142163603798435,0.161253346144404,0.171815155791208,0.182966258100406,0.205983844983973,1565.82355173394,1.00197128291303
"108","pr_letter[94]",0.169368118743491,0.000409348717523694,0.0161350432820785,0.139508417012884,0.158345067174344,0.168756743233339,0.179769958794877,0.20266241209893,1553.65075803054,1.00199107624939
"109","pr_letter[95]",0.166379173337942,0.000405783458936173,0.015933043201859,0.136923937555479,0.155462874483896,0.165749069579293,0.176633980248213,0.199336007098162,1541.73164920382,1.00201085108768
"110","pr_letter[96]",0.163464107587137,0.000402236649836923,0.0157339090379687,0.134407715882262,0.152655330479722,0.162812447380774,0.173626186206056,0.196015016742825,1530.06539310344,1.00203059162412
"111","pr_letter[97]",0.16062067451928,0.000398708650743762,0.015537622942511,0.131945734208461,0.149944837940429,0.159962172732764,0.170643397319432,0.192780163813951,1518.65050492529,1.00205028319197
"112","pr_letter[98]",0.157846703893389,0.000395199841987162,0.0153441647302754,0.129525738148538,0.147302212764863,0.157208426377876,0.167762899372015,0.189742929206185,1507.48493270863,1.00206991220235
"113","pr_letter[99]",0.155140099562229,0.000391699142517553,0.0151535121324062,0.12720177391205,0.14472847304111,0.154518474179699,0.164973785142358,0.186723301259564,1496.65382657533,1.002089466087
"114","pr_letter[100]",0.152498836903476,0.000388285313567636,0.0149656410284834,0.124937749279295,0.142220255235003,0.151865733919024,0.162263306938521,0.183798333293468,1485.55494509292,1.00210893324291
"115","pr_letter[101]",0.149920960320795,0.000384848099261479,0.014780525658825,0.122731174892947,0.139761488003062,0.149305029853714,0.159564318084303,0.180973494213907,1475.03072743691,1.00212830297901
"116","pr_letter[102]",0.147404580815945,0.00038143019316025,0.0145981388186629,0.120580215884569,0.137380823600919,0.146770315751527,0.156924560075923,0.178042473784261,1464.75450593895,1.00214756546494
"117","pr_letter[103]",0.144947873632533,0.000378032116633461,0.0144184520357032,0.118486695730137,0.135061377483833,0.14433817323564,0.154322981049652,0.175262195484837,1454.72156932359,1.00216671168192
"118","pr_letter[104]",0.142549075971575,0.000374654378326726,0.014241435732452,0.116439750294989,0.132774266181777,0.14190653242387,0.151810644877425,0.17245223920142,1444.927059198,1.00218573337565
"119","pr_letter[105]",0.140206484778655,0.000371297471929316,0.0140670593745682,0.114443189119664,0.130558744037133,0.139576269497026,0.14935137606847,0.169788032183355,1435.36600620559,1.00220462301145
"120","pr_letter[106]",0.137918454602196,0.0003679618742871,0.0138952916063999,0.112500231530308,0.128386818061514,0.137296218180299,0.146926220094699,0.167112425389603,1426.03336187393,1.00222337373127
"121","pr_letter[107]",0.13568339552204,0.000364648043829994,0.0137261003747587,0.110607349147737,0.126276833980351,0.135053007933428,0.144554084087627,0.164592764734194,1416.92402658083,1.00224197931289
"122","pr_letter[108]",0.133499771147341,0.000361356419284632,0.0135594530419019,0.10877137691178,0.124212713937987,0.132862115246805,0.142231759399811,0.162059406716812,1408.03287402781,1.00226043413105
"123","pr_letter[109]",0.131366096682612,0.000358087418644588,0.0133953164886073,0.106965359625368,0.122195724322755,0.130748931639673,0.140031949610738,0.159570403046495,1399.35477257761,1.00227873312045
"124","pr_letter[110]",0.129280937060569,0.000354841438372322,0.0132336572081508,0.105190556624275,0.12022206306437,0.128670077482161,0.137800598581018,0.157128963286169,1390.8846037807,1.00229687174072
"125","pr_letter[111]",0.127242905140338,0.000351618852808672,0.0130744413919331,0.103458180567263,0.118289942567829,0.126643858302096,0.135647818649198,0.154683980833666,1382.61727838722,1.00231484594317
"126","pr_letter[112]",0.125250659969479,0.000348420013767489,0.0129176350074347,0.101778746535287,0.116396100117022,0.124641523527191,0.13353621559421,0.152308284597286,1374.54775011326,1.00233265213923
"127","pr_letter[113]",0.123302905108199,0.000345245250294719,0.0127632038691258,0.100148088527374,0.114555544639792,0.122687141082824,0.131481300864109,0.150113237118168,1366.67102740502,1.0023502871707
"128","pr_letter[114]",0.121398387014104,0.000342094868572833,0.0126111137029039,0.0985416877621594,0.112743797646566,0.12077730235507,0.129440112936343,0.147966232645011,1358.98218342139,1.00236774828147
"129","pr_letter[115]",0.11953589348575,0.000339068359765912,0.0124613302045858,0.0969690087968351,0.11098675746972,0.11893249071992,0.127489422855245,0.145863610859568,1350.68562477586,1.00238503309092
"130","pr_letter[116]",0.117714252163288,0.000336345490540072,0.0123138190929358,0.0954325909188154,0.109271695315694,0.117114194670485,0.125567432603556,0.143722250288162,1340.33796484492,1.00240213956872
"131","pr_letter[117]",0.115932329084443,0.000333630384016767,0.0121685461576764,0.0939313639172149,0.107588837473175,0.11533005252621,0.123667431728806,0.141610449841101,1330.28960325651,1.00241906601107
"132","pr_letter[118]",0.114189027294086,0.000330923988273371,0.0120254773028856,0.0924651003564643,0.105941213140959,0.113572631021071,0.121829336157801,0.139659726869353,1320.5296179291,1.00243581101833
"133","pr_letter[119]",0.112483285505658,0.000328227199242813,0.0118845785861584,0.0910353237226937,0.104313965971212,0.11186732293893,0.12001811207798,0.13774280491565,1311.04753890567,1.00245237347386
"134","pr_letter[120]",0.110814076812725,0.000325540862324945,0.0117458162538744,0.0896375267961057,0.102751322803737,0.110189029051065,0.118232073958707,0.135784204967269,1301.83332971258,1.00246875252415
"135","pr_letter[121]",0.109180407448965,0.000322865774024814,0.0116091567728891,0.0882707926309929,0.101222904110951,0.108556021300769,0.116520011139992,0.13386454697361,1292.87736923615,1.0024849475601
"136","pr_letter[122]",0.1075813155949,0.000320202683606376,0.0114745668589404,0.0869342357141679,0.0997177754275917,0.106962735372017,0.114813416221912,0.131993616289151,1284.17043415113,1.00250095819937
"137","pr_letter[123]",0.106015870229743,0.000317552294751835,0.0113420135020363,0.0856270007393755,0.0982436531891707,0.105391245620186,0.113152183552268,0.130200254061853,1275.70368192365,1.00251678426983
"138","pr_letter[124]",0.104483170026736,0.000314915267218038,0.0112114639890722,0.084348261433692,0.0967963746849866,0.103860447779297,0.111525916129711,0.128464794477984,1267.4686344032,1.00253242579399
"139","pr_letter[125]",0.102982342290408,0.000312292218482481,0.0110828859239037,0.0830972194336403,0.095379770355884,0.1023642053476,0.109964470735658,0.126713350422248,1259.45716201217,1.00254788297431
"140","pr_letter[126]",0.101512541934227,0.000309683725372771,0.0109562472450833,0.0818731032088401,0.094004677151573,0.100901995435996,0.108428291948714,0.125019510109218,1251.66146853343,1.00256315617952
"141","pr_letter[127]",0.100072950497128,0.000307090325674067,0.0108315162414543,0.0806751670311011,0.0926525438589509,0.0994586826962236,0.106889600863221,0.123349680919715,1244.074076494,1.00257824593165
"142","pr_letter[128]",0.0986627751974947,0.000304512519710037,0.010708661565778,0.0795027129557774,0.0913368720941296,0.0980468926427557,0.105389211608822,0.121634101239691,1236.68781313767,1.00259315289397
"143","pr_letter[129]",0.0972812480231559,0.000301950771893578,0.0105876522465585,0.0783550956225525,0.0900294130370485,0.0966745089852076,0.103907318707958,0.120018644198032,1229.49579697656,1.0026078778596
"144","pr_letter[130]",0.0959276248560459,0.000299405512244173,0.0104684576982138,0.0772315614714457,0.0887537970339396,0.095316807350992,0.102476296305571,0.118429915161159,1222.49142490962,1.00262242174088
"145","pr_letter[131]",0.0946011846301985,0.000296877137869363,0.0103510477297336,0.0761314587425917,0.0875105057844112,0.093987605317651,0.101058218415053,0.116842324537332,1215.66835989367,1.00263678555937
"146","pr_letter[132]",0.0933012285217944,0.000294366014408352,0.0102353925519502,0.0750517542037598,0.086285145835544,0.0926882628875388,0.0997004631871401,0.115306435359762,1209.02051915142,1.00265097043653
"147","pr_letter[133]",0.0920270791700231,0.000291872477436184,0.0101214627835407,0.0739926660023712,0.0850788108268685,0.0914104108383966,0.0983577156003744,0.113809552880327,1202.54206289968,1.00266497758496
"148","pr_letter[134]",0.090778079927564,0.000289396833827316,0.0100092294558687,0.0729553735132126,0.0838987357586718,0.0901600837898577,0.0970437045674824,0.112282219696606,1196.22738358076,1.0026788083002
"149","pr_letter[135]",0.0895535941395317,0.000286832126426197,0.00989866401676607,0.0719392961472749,0.0827483705021721,0.0889300718229083,0.0957490380249409,0.110801901387517,1190.96111509829,1.00269246395307
"150","pr_letter[136]",0.0883530044497741,0.000284290234346348,0.00978973833334635,0.0709438720348968,0.0816154775909895,0.0877254403081608,0.0944757162135708,0.109365336260984,1185.81867253825,1.00270594598252
"151","pr_letter[137]",0.0871757121334482,0.000281771375232198,0.00968242469393549,0.0699685573273179,0.0805072192201569,0.0865392468860116,0.0932155982812064,0.107948682010822,1180.79501915311,1.00271925588894
"152","pr_letter[138]",0.0860211364548434,0.000279275574520666,0.00957669580919787,0.0690145841993247,0.0794251316116519,0.0853789532078208,0.0919976317664246,0.106605371024036,1175.88669905088,1.00273239522789
"153","pr_letter[139]",0.0848887140494552,0.000276802843080584,0.00947252481253008,0.068081701228689,0.0783698442566195,0.0842451559277315,0.0907835084841817,0.105314811777069,1171.09037092152,1.00274536560426
"154","pr_letter[140]",0.0837778983293531,0.000274353177941757,0.00936988525978925,0.0671672208769106,0.0773407034330524,0.0831338314618217,0.0896181223682843,0.104003585474054,1166.40280420291,1.00275816866682
"155","pr_letter[141]",0.0826881589109228,0.000271926563002747,0.00926875112841725,0.0662706728984007,0.0763203287638892,0.0820495461637016,0.0884678788067093,0.102758226062351,1161.82087533876,1.00277080610319
"156","pr_letter[142]",0.0816189810640957,0.000269522969717001,0.00916909681601744,0.0653916016051488,0.0753216826879368,0.0809885419349752,0.0873399568435017,0.10149770474259,1157.34156413145,1.00278327963502
"157","pr_letter[143]",0.0805698651822165,0.000267142357757012,0.00907089713843646,0.0645295653445961,0.0743423234375981,0.0799394644699618,0.0862286761885729,0.100265910467034,1152.9619501926,1.00279559101364
"158","pr_letter[144]",0.0795403262717303,0.000264784675656354,0.00897412732739893,0.063684135998474,0.0733791365207748,0.0789051845827007,0.0851268781803463,0.0990721264113118,1148.67920949341,1.00280774201591
"159","pr_letter[145]",0.0785298934609041,0.000262449861429548,0.00887876302773959,0.0628548985016914,0.0724396634331792,0.077890373965309,0.0840715352221781,0.0978597803218968,1144.49061101557,1.00281973444045
"160","pr_letter[146]",0.0775381095268282,0.000260137843169878,0.00878478029427392,0.0620414503804013,0.0715064590946585,0.076899229420077,0.0830089762228326,0.0966464953851918,1140.39351350299,1.00283157010403
"161","pr_letter[147]",0.0765645304399732,0.00025784853962525,0.00869215558834465,0.0612434013084136,0.0706034786254812,0.0759263971373868,0.0819725407535093,0.0954543925455066,1136.3853623144,1.00284325083829
"162","pr_letter[148]",0.0756087249256072,0.000255581860752368,0.00860086577407915,0.0604603726811607,0.0697056551706815,0.0749740944235776,0.0809533883552616,0.0942828506625937,1132.46368637618,1.00285477848669
"163","pr_letter[149]",0.0746702740414064,0.000253337708249527,0.00851088811438943,0.0596919972064577,0.0688327697684354,0.0740455650246131,0.0799434221174974,0.093131743155379,1128.62609523406,1.00286615490163
"164","pr_letter[150]",0.0737487707706168,0.000251115976068364,0.00842220026674444,0.058937918511334,0.0679644046746726,0.0731250666566501,0.0789614168529924,0.0920204236974581,1124.87027620275,1.00287738194185
"165","pr_letter[151]",0.0728438196301551,0.000248916550904974,0.00833478027874145,0.0581977907642478,0.0671150926556306,0.0722217979694557,0.0779967370564903,0.0909868228067767,1121.19399161154,1.00288846146997
"166","pr_letter[152]",0.0719550362930561,0.000246739312670829,0.00824860658350166,0.0574712783120229,0.0662875116985359,0.0713314980221357,0.0770488606041966,0.0899244993795827,1117.59507614426,1.00289939535021
"167","pr_letter[153]",0.0710820472247037,0.000244584134943978,0.0081636579949128,0.0567580553308794,0.0654740356213975,0.0704637861314519,0.0761197819927278,0.0889245596805761,1114.07143427133,1.00291018544637
"168","pr_letter[154]",0.0702244893323,0.000242450885401015,0.00807991370273985,0.0560578054909608,0.0646797419184692,0.0696101434365242,0.0752069632266454,0.0878666362723137,1110.62103777197,1.00292083361981
"169","pr_letter[155]",0.0693820096270548,0.00024033942623033,0.00799735326762308,0.0553686708739201,0.0638920009924798,0.0687701299486561,0.0743094261004885,0.0868208107254209,1107.2419233442,1.00293134172774
"170","pr_letter[156]",0.0685542648985937,0.000238249614527175,0.00791595661598135,0.0546876663390801,0.063120152534978,0.0679442868113725,0.0734258086828844,0.0857930388960072,1103.9321903002,1.00294171162159
"171","pr_letter[157]",0.0677409214011078,0.00023618130267109,0.00783570403483671,0.0540189843153046,0.0623639102362562,0.0671319645947146,0.0725555254259441,0.0847829200752015,1100.68999834475,1.00295194514545
"172","pr_letter[158]",0.0669416545507843,0.000234134338686212,0.00775657616657537,0.0533623333912451,0.0616141283734476,0.066336849730629,0.0716984795453163,0.0837900642252405,1097.51356543432,1.00296204413473
"173","pr_letter[159]",0.0661561486340789,0.000232108566585063,0.0076785540036587,0.0527174305914034,0.0608793943644105,0.0655521212660649,0.0708571747057605,0.0828294778581749,1094.40116571412,1.00297201041489
"174","pr_letter[160]",0.0653840965264066,0.000230103826696296,0.00760161888329665,0.0520840010895733,0.0601579243685288,0.0647809553706174,0.0700396333553215,0.0819139548835563,1091.35112753106,1.00298184580027
"175","pr_letter[161]",0.0646251994208458,0.00022811995597702,0.0075257524820951,0.0514617779333632,0.0594505018524619,0.0640224931070635,0.0692292715834704,0.0810130374158061,1088.36183151976,1.00299155209307
"176","pr_letter[162]",0.0638791665664685,0.000226156788310197,0.00745093681068754,0.0508505017793262,0.0587512792877398,0.0632747431073452,0.0684331955581043,0.080126425732124,1085.43170875937,1.00300113108233
"177","pr_letter[163]",0.0631457150159218,0.000224214154787665,0.00737715420836065,0.0502499206382385,0.0580639428078001,0.0625443126002909,0.0676505057813507,0.0792407559365456,1082.55923899893,1.00301058454311
"178","pr_letter[164]",0.0624245693819059,0.000222291883979321,0.00730438733768231,0.0496598715170039,0.0573968888287114,0.0618322095200586,0.0668781810395241,0.0783584154759305,1079.74294894864,1.00301991423566
"179","pr_letter[165]",0.0617154616022037,0.000220389802188971,0.00723261917914008,0.049080102855362,0.056738241260773,0.0611272430779097,0.0661273505763353,0.0774903031217523,1076.98141063487,1.00302912190475
"180","pr_letter[166]",0.0610181307129348,0.000218507733697379,0.00716183302579719,0.0485160867676306,0.0560935797573111,0.0604336332719942,0.0653898133503696,0.0766361240019811,1074.27323981669,1.00303820927898
"181","pr_letter[167]",0.060332322629718,0.000216645500992985,0.00709201247797258,0.0479639034820087,0.0554608059491621,0.0597481947596004,0.0646604123686335,0.0757955905852399,1071.61709446155,1.00304717807023
"182","pr_letter[168]",0.0596577899364398,0.000214802924990811,0.00702314143795083,0.0474209424209801,0.0548353241227876,0.059077629959777,0.0639359722143705,0.0749684224711884,1069.01167327815,1.00305602997315
"183","pr_letter[169]",0.0589942916813396,0.000212979825240005,0.00695520410472728,0.0468870027914637,0.054220425106666,0.0584179156868992,0.0632305982163469,0.0741766178724429,1066.45571430422,1.0030647666647
"184","pr_letter[170]",0.0583415931801322,0.00021117602012051,0.0068881849687931,0.0463619223810044,0.0536115587871572,0.0577646794759172,0.062531915218303,0.0734065764793678,1063.94799354717,1.00307338980375
"185","pr_letter[171]",0.0576994658259016,0.000209391327029287,0.00682206880696458,0.0458455029948761,0.0530122419234357,0.0571221588261425,0.0618465389932064,0.0726480950680819,1061.4873236758,1.00308190103074
"186","pr_letter[172]",0.0570676869055102,0.000207625562556541,0.00675684067726049,0.0453375423433145,0.0524228976344564,0.0564934170535284,0.0611655550883364,0.0719009495792221,1059.07255276102,1.00309030196735
"187","pr_letter[173]",0.0564460394222762,0.000205878542652375,0.00669248591383087,0.0448378490865219,0.0518429414399818,0.0558799479760576,0.0605044945748025,0.0711649212332131,1056.70256306366,1.00309859421628
"188","pr_letter[174]",0.0558343119246854,0.000204150082784271,0.00662899012194035,0.0443462476154297,0.0512725407607468,0.0552772000934304,0.0598494589125464,0.0704391935472553,1054.37626986768,1.00310677936101
"189","pr_letter[175]",0.0552322983409094,0.000202439998085818,0.00656633917300855,0.0438625668809064,0.0507113708187102,0.0546830377104899,0.0592050835824623,0.0697240707358937,1052.092620357,1.00311485896562
"190","pr_letter[176]",0.0546397978189146,0.000200748103497038,0.00650451919971008,0.0433866402549896,0.0501673205037421,0.0540988731937812,0.0585743479654169,0.0689932793606752,1049.85059253432,1.00312283457464
"191","pr_letter[177]",0.0540566145719525,0.00019907421389671,0.00644351659113599,0.0429183053969202,0.0496235778079051,0.0535197166362478,0.0579471385606371,0.068276491583847,1047.64919418016,1.00313070771297
"192","pr_letter[178]",0.0534825577292314,0.000197418144227036,0.00638331798801856,0.0424574041237943,0.0490885101556391,0.052947650142489,0.0573326953051018,0.0675560380987767,1045.48746185073,1.00313847988577
"193","pr_letter[179]",0.0529174411915789,0.000195779709610994,0.006323910278021,0.0420028930853179,0.0485619365614898,0.052384559492594,0.056728568005692,0.0668462760677019,1043.364459913,1.00314615257838
"194","pr_letter[180]",0.0523610834919081,0.000194158725462709,0.0062652805910931,0.0415533399922626,0.0480436879890547,0.0518313842987821,0.0561305088414959,0.0661474161556376,1041.27927961563,1.00315372725638
"195","pr_letter[181]",0.0518133076603141,0.000192555007591171,0.00620741629489421,0.0411108807781807,0.0475338361180554,0.0512906358917608,0.0555500527223611,0.0654599919536364,1039.23103819423,1.00316120536548
"196","pr_letter[182]",0.0512739410936276,0.000190968372297597,0.00615030499028415,0.0406753688037778,0.0470319532481663,0.0507538885874266,0.0549716519365521,0.0648008026673879,1037.21887800971,1.0031685883316
"197","pr_letter[183]",0.0507428154292645,0.000189398636466726,0.00609393450688288,0.0402466611498093,0.0465441840426778,0.0502252694767163,0.0544088766279612,0.0641725026837662,1035.24196571841,1.00317587756092
"198","pr_letter[184]",0.0502197664232139,0.00018784561765236,0.00603829289869944,0.0398246185060109,0.0460602533991246,0.0497040109197612,0.0538458832265409,0.0635316571934951,1033.29949147267,1.00318307443989
"199","pr_letter[185]",0.0497046338320147,0.000186309134157387,0.00598336843983048,0.0394091050638164,0.0455815287587701,0.0491914245585591,0.053302206370351,0.0628854535810945,1031.39066815084,1.00319018033532
"200","pr_letter[186]",0.0491972612985754,0.000184789005108575,0.00592914962022863,0.0389999884127215,0.0451120613848289,0.048685940331238,0.0527576215661939,0.0622488631432113,1029.51473061534,1.0031971965945
"201","pr_letter[187]",0.0486974962416988,0.000183285050526367,0.00587562514154084,0.0385971394401525,0.0446487696273754,0.0481885536930711,0.0522241020367777,0.0616387110055868,1027.67093499796,1.00320412454527
"202","pr_letter[188]",0.0482051897491781,0.000181797091389948,0.00582278391301662,0.0382004322347099,0.0441948697663673,0.0476996656046018,0.0517028894161771,0.0610339918859654,1025.85855801091,1.00321096549614
"203","pr_letter[189]",0.0477201964743358,0.00018032494969777,0.00577061504748611,0.037809743992658,0.0437462110085634,0.0472172459739556,0.0511809987702059,0.0604304564781255,1024.07689628313,1.00321772073646
"204","pr_letter[190]",0.0472423745358829,0.000178868448523804,0.0057191078574078,0.0374249549275386,0.0433026109483266,0.0467420019886736,0.0506655206711707,0.0598356351599524,1022.32526572047,1.0032243915365
"205","pr_letter[191]",0.0467715854209796,0.000177427412069687,0.00566825185098542,0.0370459481827945,0.0428663693564374,0.0462737942057933,0.05016077001039,0.0592493648021912,1020.603000889,1.00323097914764
"206","pr_letter[192]",0.0463076938913835,0.000176001665713015,0.00561803672835389,0.0366726097472869,0.0424368501527763,0.0458124864978672,0.0496610104153278,0.0586714859805486,1018.90945442039,1.00323748480254
"207","pr_letter[193]",0.0458505678925763,0.000174591036051913,0.00556845237783366,0.036304828373603,0.0420125431403783,0.045357945960513,0.0491716316107284,0.0581147629848728,1017.24399643883,1.00324390971526
"208","pr_letter[194]",0.0454000784657633,0.000173195350946137,0.00551948887225298,0.0359424954990479,0.0415944963033731,0.044910042822895,0.0486925835426784,0.0575695895652021,1015.60601400815,1.0032502550815
"209","pr_letter[195]",0.0449560996626458,0.00017181443955483,0.0054711364653376,0.0355855051692241,0.0411837754717198,0.0444706900789889,0.0482187157797709,0.0570318436084468,1013.99491059888,1.00325652207871
"210","pr_letter[196]",0.0445185084628675,0.000170448132371132,0.00542338558816718,0.0352337539641023,0.0407781739694443,0.044038279928703,0.0477511449298097,0.0565013943504249,1012.41010557405,1.00326271186636
"211","pr_letter[197]",0.0440871846940424,0.000169096261253792,0.00537622684569779,0.0348871409264931,0.0403783969906592,0.0436098894989582,0.0472868999262091,0.0559781138179585,1010.85103369329,1.00326882558606
"212","pr_letter[198]",0.043662010954274,0.00016775865945595,0.00532965101334978,0.034545577221716,0.0399859648063832,0.0431891273334224,0.0468279837809495,0.0554618767595115,1009.31714463439,1.0032748643618
"213","pr_letter[199]",0.0432428725370802,0.000166435161651223,0.00528364903366021,0.0342089792185254,0.0396010201221253,0.0427738417655713,0.0463785053492653,0.054942031846593,1007.80790253162,1.00328082930013
"214","pr_letter[200]",0.042829657358638,0.000165125603957243,0.00523821201299922,0.0338772295327675,0.0392191446165296,0.0423630919769489,0.0459431505506089,0.0544203878927588,1006.32278553032,1.00328672149041
"215","pr_halfletter[1]",0.994473960493131,0.000188533344854725,0.00582061157923223,0.977502992978074,0.992770587808532,0.996259921148345,0.998328123181624,0.999881293391658,953.14921087248,1.00397100873002
"216","pr_halfletter[2]",0.986383154378377,0.000287789200216129,0.00990948891203011,0.960415784248858,0.981841777662774,0.988585429823405,0.993503479404426,0.998844692982011,1185.6418697984,1.00256678225751
"217","pr_halfletter[3]",0.975119325402455,0.000356916297852394,0.0136000205793125,0.942162087064236,0.967714147139849,0.977264125444668,0.984943217305308,0.99547650552928,1451.93231724494,1.00170938841692
"218","pr_halfletter[4]",0.960916455578222,0.000396554238737765,0.0165759589196847,0.923714250922755,0.951164765440781,0.962581832842003,0.972702834128869,0.988464838342377,1747.23825875388,1.00114049985652
"219","pr_halfletter[5]",0.943964380389994,0.000412479151501907,0.0187012314861916,0.904417521086304,0.932480047027448,0.945296575765891,0.957126211182934,0.977167318871761,2055.58957940051,1.00077676740645
"220","pr_halfletter[6]",0.924479682919487,0.000410675177388678,0.0199787631554649,0.882533459280647,0.911821494465288,0.925477658235802,0.938092513882711,0.961483566849206,2366.68408352074,1.00057895815947
"221","pr_halfletter[7]",0.902715301832037,0.000396225592613833,0.0205443010954277,0.859913400589288,0.889531339101756,0.903576351659256,0.916707308656587,0.94065162667166,2688.42357786619,1.00050036953867
"222","pr_halfletter[8]",0.878954367207938,0.000361177361810393,0.0206311594608042,0.836523764359133,0.865627286704571,0.879670506531508,0.892878259193699,0.916941541544477,3262.91851875652,1.00048850314303
"223","pr_halfletter[9]",0.853492049042944,0.000324470089308081,0.0205224902679026,0.811874432838469,0.840305756941933,0.854157653441921,0.867215043272261,0.89135328518926,4000.46780947336,1.00051183802127
"224","pr_halfletter[10]",0.826619342999488,0.00031286862722422,0.0204924439427492,0.784812159386902,0.81302633751819,0.827370358302826,0.8405947554111,0.864484294162631,4290.06110683013,1.00057523231593
"225","pr_halfletter[11]",0.798621206441553,0.000318487543191774,0.0207332620780587,0.756754566945051,0.785078213334346,0.799356968602916,0.812678228912612,0.837683278006728,4237.8967678156,1.00069927473861
"226","pr_halfletter[12]",0.769783670488113,0.000342720599138443,0.021304610138004,0.726761051858941,0.755692372156066,0.770276386051737,0.784567924238294,0.811187906781396,3864.26379324532,1.00088324778337
"227","pr_halfletter[13]",0.740397813857869,0.000379742325165462,0.0221443710915284,0.695876516046555,0.725816456034857,0.740916571069006,0.755387939056745,0.7835870345886,3400.54628815224,1.00109581833879
"228","pr_halfletter[14]",0.710755254000097,0.00043024759351531,0.0231278281677916,0.664743588077134,0.695657215932923,0.710965950056605,0.726555314917977,0.756161721374798,2889.56723551558,1.00129770937221
"229","pr_halfletter[15]",0.681137441910149,0.000478518586209638,0.0241277895478703,0.633346798148564,0.66559073931972,0.681222087715435,0.697704451115292,0.728692615178905,2542.36236140269,1.00146284781267
"230","pr_halfletter[16]",0.65180362238578,0.000520254522902091,0.025047261593403,0.602486032239035,0.635350339982951,0.651883460515625,0.668851023426105,0.700701156460898,2317.86839703294,1.00158214271495
"231","pr_halfletter[17]",0.622981188349199,0.000553509729827782,0.0258266129319916,0.572119243144234,0.60576985774375,0.623006631059118,0.640600647751419,0.674211145960306,2177.13013153461,1.00165779797853
"232","pr_halfletter[18]",0.594860032083203,0.000578066532155475,0.0264377594217384,0.542817121426943,0.57740299888152,0.594962916501256,0.612817924024286,0.646652700353858,2091.67227708352,1.00169715071156
"233","pr_halfletter[19]",0.567590861321955,0.000594641540179275,0.026874842375538,0.514183703795184,0.549842548747145,0.56755942569627,0.5856903627396,0.620497245550347,2042.59075614107,1.00170884303811
"234","pr_halfletter[20]",0.541286621066238,0.000604377796486278,0.027145786167498,0.487404920160582,0.523439711807155,0.541228790764676,0.559354905593171,0.594382909192122,2017.38062547086,1.00170098939393
"235","pr_halfletter[21]",0.516025946601386,0.000608538842117845,0.0272659994114274,0.462776206349135,0.497967923388116,0.515813701600914,0.534285136269268,0.569635980999969,2007.54937021371,1.00168048607702
"236","pr_halfletter[22]",0.491857687944387,0.000608336414615373,0.0272541501600826,0.438296954645678,0.473693694764447,0.491812810738369,0.51010130070482,0.545768522762059,2007.13997744679,1.0016528687685
"237","pr_halfletter[23]",0.468805782705112,0.000604843653695933,0.027129548040191,0.415387730583739,0.450963270839304,0.468510246321908,0.48678988511598,0.522508145171934,2011.8651195254,1.00162240227792
"238","pr_halfletter[24]",0.446873997430015,0.000598961126228265,0.0269106472564584,0.393896197646842,0.429067850325468,0.446461076979333,0.464800581549468,0.500048584789471,2018.6034616566,1.00159225321316
"239","pr_halfletter[25]",0.42605025772231,0.000591413919521809,0.0266142815307643,0.374679806298734,0.40833387721085,0.425941627676105,0.443567828840382,0.478338086707036,2025.09970078362,1.00156467941273
"240","pr_halfletter[26]",0.406310433072079,0.000582765635025512,0.0262553524862816,0.355964030774208,0.388951736347301,0.406007895052373,0.423635142468496,0.458490719613928,2029.77471566759,1.00154120848764
"241","pr_halfletter[27]",0.387621538786082,0.00057344029487797,0.0258467842572529,0.338207601127837,0.370533414166788,0.387143264439963,0.404602424738486,0.439413666704295,2031.5925970893,1.00152279511924
"242","pr_halfletter[28]",0.369944375713679,0.000564336858215557,0.0253996238745363,0.321411614772357,0.353088148552934,0.369620122027127,0.386578660301631,0.420827155700623,2025.71217794879,1.00150995445876
"243","pr_halfletter[29]",0.353235659793186,0.000555159351438312,0.0249232127647961,0.305864237798321,0.336730457256934,0.352827053975331,0.369420785705777,0.403142011905072,2015.45325793142,1.0015028723752
"244","pr_halfletter[30]",0.337449707008939,0.000545959087290643,0.0244253848268676,0.291188577550357,0.321192779734027,0.337128487654897,0.353127072858195,0.386820066242521,2001.53243170947,1.00150149474301
"245","pr_halfletter[31]",0.322539741993463,0.000536677991062149,0.0239126657616716,0.277269757165883,0.306595169772609,0.322202096471963,0.338016727513793,0.370878692565589,1985.31039381292,1.00150559848368
"246","pr_halfletter[32]",0.308458894964093,0.000527499382686542,0.0233904602519915,0.264080980860994,0.292814035055109,0.308175714109369,0.323724929088288,0.355454977075587,1966.22685504944,1.00151484714531
"247","pr_halfletter[33]",0.295160945045914,0.000518504826692706,0.0228632207742128,0.251717800354412,0.279841622657248,0.294809741485759,0.310156742365085,0.341130354345249,1944.32657897152,1.00152883364975
"248","pr_halfletter[34]",0.282600860224976,0.000509696307305629,0.0223345960070347,0.240130123281984,0.267654070122188,0.282390517962521,0.297262721350786,0.327776039061681,1920.14147366668,1.00154711257338
"249","pr_halfletter[35]",0.270735176319869,0.000501065960247714,0.0218075591201299,0.229165606186898,0.256070035520853,0.270406045905419,0.28506462645824,0.314723835877857,1894.1933904192,1.00156922402296
"250","pr_halfletter[36]",0.259522250058124,0.000492600802212613,0.0212845174109363,0.219205486203887,0.245216834927518,0.259168459741125,0.273573347292384,0.302486556117222,1866.97020027248,1.00159471085842
"251","pr_halfletter[37]",0.248922414874083,0.000484481011155311,0.0207674052729862,0.209787552739778,0.234863529427865,0.248556965106846,0.262651979241344,0.290663730052899,1837.43065019281,1.00162313072201
"252","pr_halfletter[38]",0.238898062490877,0.000476588099857497,0.0202577626121519,0.20076329960846,0.225175375155012,0.238487256038154,0.252283131082053,0.279812622169375,1806.74377518755,1.00165406406999
"253","pr_halfletter[39]",0.229413668687023,0.000468801162180548,0.0197568007536677,0.192221143941413,0.216041394906355,0.228901931679813,0.242363026284503,0.269432239172735,1776.05283296809,1.00168711917238
"254","pr_halfletter[40]",0.220435777798833,0.000461107685209787,0.0192654577079399,0.184204966330046,0.207376112824959,0.219911219401787,0.233033495276247,0.259472920687909,1745.63701257936,1.00172193485064
"255","pr_halfletter[41]",0.211932957371781,0.000453497927227918,0.0187844444481882,0.176755198955455,0.19922310409698,0.211369125281813,0.224287256496409,0.249870676504254,1715.71875139112,1.00175818155916
"256","pr_halfletter[42]",0.203875731841324,0.000445964796654208,0.0183142836321258,0.169640087618737,0.191462170075255,0.203304593187566,0.215897150506386,0.241162360701392,1686.47037127448,1.00179556128226
"257","pr_halfletter[43]",0.19623650209642,0.000438503590797076,0.0178553419911539,0.162922478478613,0.184140150906014,0.195697187048822,0.207906094750214,0.232764722334866,1658.02104082662,1.00183380660945
"258","pr_halfletter[44]",0.188989456167617,0.000431111665792259,0.0174078574222719,0.156574357767693,0.177179730309335,0.18847612621414,0.200287795596695,0.224727323673359,1630.46354157654,1.00187267926464
"259","pr_halfletter[45]",0.182110475008571,0.000423788085164319,0.016971961652945,0.150570922077289,0.170610413964316,0.181550674636534,0.193148896183348,0.216994418334454,1603.86052711931,1.00191196829614
"260","pr_halfletter[46]",0.175577036339948,0.000416533277018919,0.0165476992073546,0.144889224985658,0.164278107060617,0.174937562221587,0.186223617825468,0.209589568909073,1578.25011550889,1.00195148808022
"261","pr_halfletter[47]",0.169368118743491,0.000409348717523694,0.0161350432820785,0.139508417012884,0.158345067174344,0.168756743233339,0.179769958794877,0.20266241209893,1553.65075803054,1.00199107624939
"262","pr_halfletter[48]",0.163464107587137,0.000402236649836923,0.0157339090379687,0.134407715882262,0.152655330479722,0.162812447380774,0.173626186206056,0.196015016742825,1530.06539310344,1.00203059162412
"263","pr_halfletter[49]",0.157846703893389,0.000395199841987162,0.0153441647302754,0.129525738148538,0.147302212764863,0.157208426377876,0.167762899372015,0.189742929206185,1507.48493270863,1.00206991220235
"264","pr_halfletter[50]",0.152498836903476,0.000388285313567636,0.0149656410284834,0.124937749279295,0.142220255235003,0.151865733919024,0.162263306938521,0.183798333293468,1485.55494509292,1.00210893324291
"265","pr_halfletter[51]",0.147404580815945,0.00038143019316025,0.0145981388186629,0.120580215884569,0.137380823600919,0.146770315751527,0.156924560075923,0.178042473784261,1464.75450593895,1.00214756546494
"266","pr_halfletter[52]",0.142549075971575,0.000374654378326726,0.014241435732452,0.116439750294989,0.132774266181777,0.14190653242387,0.151810644877425,0.17245223920142,1444.927059198,1.00218573337565
"267","pr_halfletter[53]",0.137918454602196,0.0003679618742871,0.0138952916063999,0.112500231530308,0.128386818061514,0.137296218180299,0.146926220094699,0.167112425389603,1426.03336187393,1.00222337373127
"268","pr_halfletter[54]",0.133499771147341,0.000361356419284632,0.0135594530419019,0.10877137691178,0.124212713937987,0.132862115246805,0.142231759399811,0.162059406716812,1408.03287402781,1.00226043413105
"269","pr_halfletter[55]",0.129280937060569,0.000354841438372322,0.0132336572081508,0.105190556624275,0.12022206306437,0.128670077482161,0.137800598581018,0.157128963286169,1390.8846037807,1.00229687174072
"270","pr_halfletter[56]",0.125250659969479,0.000348420013767489,0.0129176350074347,0.101778746535287,0.116396100117022,0.124641523527191,0.13353621559421,0.152308284597286,1374.54775011326,1.00233265213923
"271","pr_halfletter[57]",0.121398387014104,0.000342094868572833,0.0126111137029039,0.0985416877621594,0.112743797646566,0.12077730235507,0.129440112936343,0.147966232645011,1358.98218342139,1.00236774828147
"272","pr_halfletter[58]",0.117714252163288,0.000336345490540072,0.0123138190929358,0.0954325909188154,0.109271695315694,0.117114194670485,0.125567432603556,0.143722250288162,1340.33796484492,1.00240213956872
"273","pr_halfletter[59]",0.114189027294086,0.000330923988273371,0.0120254773028856,0.0924651003564643,0.105941213140959,0.113572631021071,0.121829336157801,0.139659726869353,1320.5296179291,1.00243581101833
"274","pr_halfletter[60]",0.110814076812725,0.000325540862324945,0.0117458162538744,0.0896375267961057,0.102751322803737,0.110189029051065,0.118232073958707,0.135784204967269,1301.83332971258,1.00246875252415
"275","pr_halfletter[61]",0.1075813155949,0.000320202683606376,0.0114745668589404,0.0869342357141679,0.0997177754275917,0.106962735372017,0.114813416221912,0.131993616289151,1284.17043415113,1.00250095819937
"276","pr_halfletter[62]",0.104483170026736,0.000314915267218038,0.0112114639890722,0.084348261433692,0.0967963746849866,0.103860447779297,0.111525916129711,0.128464794477984,1267.4686344032,1.00253242579399
"277","pr_halfletter[63]",0.101512541934227,0.000309683725372771,0.0109562472450833,0.0818731032088401,0.094004677151573,0.100901995435996,0.108428291948714,0.125019510109218,1251.66146853343,1.00256315617952
"278","pr_halfletter[64]",0.0986627751974947,0.000304512519710037,0.010708661565778,0.0795027129557774,0.0913368720941296,0.0980468926427557,0.105389211608822,0.121634101239691,1236.68781313767,1.00259315289397
"279","pr_halfletter[65]",0.0959276248560459,0.000299405512244173,0.0104684576982138,0.0772315614714457,0.0887537970339396,0.095316807350992,0.102476296305571,0.118429915161159,1222.49142490962,1.00262242174088
"280","pr_halfletter[66]",0.0933012285217944,0.000294366014408352,0.0102353925519502,0.0750517542037598,0.086285145835544,0.0926882628875388,0.0997004631871401,0.115306435359762,1209.02051915142,1.00265097043653
"281","pr_halfletter[67]",0.090778079927564,0.000289396833827316,0.0100092294558687,0.0729553735132126,0.0838987357586718,0.0901600837898577,0.0970437045674824,0.112282219696606,1196.22738358076,1.0026788083002
"282","pr_halfletter[68]",0.0883530044497741,0.000284290234346348,0.00978973833334635,0.0709438720348968,0.0816154775909895,0.0877254403081608,0.0944757162135708,0.109365336260984,1185.81867253825,1.00270594598252
"283","pr_halfletter[69]",0.0860211364548434,0.000279275574520666,0.00957669580919787,0.0690145841993247,0.0794251316116519,0.0853789532078208,0.0919976317664246,0.106605371024036,1175.88669905088,1.00273239522789
"284","pr_halfletter[70]",0.0837778983293531,0.000274353177941757,0.00936988525978925,0.0671672208769106,0.0773407034330524,0.0831338314618217,0.0896181223682843,0.104003585474054,1166.40280420291,1.00275816866682
"285","pr_halfletter[71]",0.0816189810640957,0.000269522969717001,0.00916909681601744,0.0653916016051488,0.0753216826879368,0.0809885419349752,0.0873399568435017,0.10149770474259,1157.34156413145,1.00278327963502
"286","pr_halfletter[72]",0.0795403262717303,0.000264784675656354,0.00897412732739893,0.063684135998474,0.0733791365207748,0.0789051845827007,0.0851268781803463,0.0990721264113118,1148.67920949341,1.00280774201591
"287","pr_halfletter[73]",0.0775381095268282,0.000260137843169878,0.00878478029427392,0.0620414503804013,0.0715064590946585,0.076899229420077,0.0830089762228326,0.0966464953851918,1140.39351350299,1.00283157010403
"288","pr_halfletter[74]",0.0756087249256072,0.000255581860752368,0.00860086577407915,0.0604603726811607,0.0697056551706815,0.0749740944235776,0.0809533883552616,0.0942828506625937,1132.46368637618,1.00285477848669
"289","pr_halfletter[75]",0.0737487707706168,0.000251115976068364,0.00842220026674444,0.058937918511334,0.0679644046746726,0.0731250666566501,0.0789614168529924,0.0920204236974581,1124.87027620275,1.00287738194185
"290","pr_halfletter[76]",0.0719550362930561,0.000246739312670829,0.00824860658350166,0.0574712783120229,0.0662875116985359,0.0713314980221357,0.0770488606041966,0.0899244993795827,1117.59507614426,1.00289939535021
"291","pr_halfletter[77]",0.0702244893323,0.000242450885401015,0.00807991370273985,0.0560578054909608,0.0646797419184692,0.0696101434365242,0.0752069632266454,0.0878666362723137,1110.62103777197,1.00292083361981
"292","pr_halfletter[78]",0.0685542648985937,0.000238249614527175,0.00791595661598135,0.0546876663390801,0.063120152534978,0.0679442868113725,0.0734258086828844,0.0857930388960072,1103.9321903002,1.00294171162159
"293","pr_halfletter[79]",0.0669416545507843,0.000234134338686212,0.00775657616657537,0.0533623333912451,0.0616141283734476,0.066336849730629,0.0716984795453163,0.0837900642252405,1097.51356543432,1.00296204413473
"294","pr_halfletter[80]",0.0653840965264066,0.000230103826696296,0.00760161888329665,0.0520840010895733,0.0601579243685288,0.0647809553706174,0.0700396333553215,0.0819139548835563,1091.35112753106,1.00298184580027
"295","pr_halfletter[81]",0.0638791665664685,0.000226156788310197,0.00745093681068754,0.0508505017793262,0.0587512792877398,0.0632747431073452,0.0684331955581043,0.080126425732124,1085.43170875937,1.00300113108233
"296","pr_halfletter[82]",0.0624245693819059,0.000222291883979321,0.00730438733768231,0.0496598715170039,0.0573968888287114,0.0618322095200586,0.0668781810395241,0.0783584154759305,1079.74294894864,1.00301991423566
"297","pr_halfletter[83]",0.0610181307129348,0.000218507733697379,0.00716183302579719,0.0485160867676306,0.0560935797573111,0.0604336332719942,0.0653898133503696,0.0766361240019811,1074.27323981669,1.00303820927898
"298","pr_halfletter[84]",0.0596577899364398,0.000214802924990811,0.00702314143795083,0.0474209424209801,0.0548353241227876,0.059077629959777,0.0639359722143705,0.0749684224711884,1069.01167327815,1.00305602997315
"299","pr_halfletter[85]",0.0583415931801322,0.00021117602012051,0.0068881849687931,0.0463619223810044,0.0536115587871572,0.0577646794759172,0.062531915218303,0.0734065764793678,1063.94799354717,1.00307338980375
"300","pr_halfletter[86]",0.0570676869055102,0.000207625562556541,0.00675684067726049,0.0453375423433145,0.0524228976344564,0.0564934170535284,0.0611655550883364,0.0719009495792221,1059.07255276102,1.00309030196735
"301","pr_halfletter[87]",0.0558343119246854,0.000204150082784271,0.00662899012194035,0.0443462476154297,0.0512725407607468,0.0552772000934304,0.0598494589125464,0.0704391935472553,1054.37626986768,1.00310677936101
"302","pr_halfletter[88]",0.0546397978189146,0.000200748103497038,0.00650451919971008,0.0433866402549896,0.0501673205037421,0.0540988731937812,0.0585743479654169,0.0689932793606752,1049.85059253432,1.00312283457464
"303","pr_halfletter[89]",0.0534825577292314,0.000197418144227036,0.00638331798801856,0.0424574041237943,0.0490885101556391,0.052947650142489,0.0573326953051018,0.0675560380987767,1045.48746185073,1.00313847988577
"304","pr_halfletter[90]",0.0523610834919081,0.000194158725462709,0.0062652805910931,0.0415533399922626,0.0480436879890547,0.0518313842987821,0.0561305088414959,0.0661474161556376,1041.27927961563,1.00315372725638
"305","pr_halfletter[91]",0.0512739410936276,0.000190968372297597,0.00615030499028415,0.0406753688037778,0.0470319532481663,0.0507538885874266,0.0549716519365521,0.0648008026673879,1037.21887800971,1.0031685883316
"306","pr_halfletter[92]",0.0502197664232139,0.00018784561765236,0.00603829289869944,0.0398246185060109,0.0460602533991246,0.0497040109197612,0.0538458832265409,0.0635316571934951,1033.29949147267,1.00318307443989
"307","pr_halfletter[93]",0.0491972612985754,0.000184789005108575,0.00592914962022863,0.0389999884127215,0.0451120613848289,0.048685940331238,0.0527576215661939,0.0622488631432113,1029.51473061534,1.0031971965945
"308","pr_halfletter[94]",0.0482051897491781,0.000181797091389948,0.00582278391301662,0.0382004322347099,0.0441948697663673,0.0476996656046018,0.0517028894161771,0.0610339918859654,1025.85855801091,1.00321096549614
"309","pr_halfletter[95]",0.0472423745358829,0.000178868448523804,0.0057191078574078,0.0374249549275386,0.0433026109483266,0.0467420019886736,0.0506655206711707,0.0598356351599524,1022.32526572047,1.0032243915365
"310","pr_halfletter[96]",0.0463076938913835,0.000176001665713015,0.00561803672835389,0.0366726097472869,0.0424368501527763,0.0458124864978672,0.0496610104153278,0.0586714859805486,1018.90945442039,1.00323748480254
"311","pr_halfletter[97]",0.0454000784657633,0.000173195350946137,0.00551948887225298,0.0359424954990479,0.0415944963033731,0.044910042822895,0.0486925835426784,0.0575695895652021,1015.60601400815,1.0032502550815
"312","pr_halfletter[98]",0.0445185084628675,0.000170448132371132,0.00542338558816718,0.0352337539641023,0.0407781739694443,0.044038279928703,0.0477511449298097,0.0565013943504249,1012.41010557405,1.00326271186636
"313","pr_halfletter[99]",0.043662010954274,0.00016775865945595,0.00532965101334978,0.034545577221716,0.0399859648063832,0.0431891273334224,0.0468279837809495,0.0554618767595115,1009.31714463439,1.0032748643618
"314","pr_halfletter[100]",0.042829657358638,0.000165125603957243,0.00523821201299922,0.0338772295327675,0.0392191446165296,0.0423630919769489,0.0459431505506089,0.0544203878927588,1006.32278553032,1.00328672149041
"315","pr_halfletter[101]",0.0420205610751053,0.00016254766071661,0.0051489980741467,0.0332279102854299,0.0384735536514443,0.0415593798535074,0.0450746731793564,0.0534140906861483,1003.42290690405,1.00329829189924
"316","pr_halfletter[102]",0.0412338752603286,0.000160023548302094,0.00506194120357598,0.0325969108431043,0.0377471552164764,0.04077904863636,0.0442348116479219,0.0524460704110858,1000.61359817128,1.00330958396652
"317","pr_halfletter[103]",0.0404687907393986,0.000157552009511061,0.0049769758296675,0.0319831617760868,0.0370393598833149,0.0400225475292728,0.0434129524729169,0.0514804679054021,997.891146914876,1.00332060580848
"318","pr_halfletter[104]",0.0397245340417134,0.000155131811749131,0.00489403870805458,0.0313856132395673,0.0363507981587929,0.0392837672046932,0.0426133300659011,0.0505405691213342,995.252027131326,1.00333136528628
"319","pr_halfletter[105]",0.0390003655534688,0.000152761747298549,0.00481306883097593,0.030804522447101,0.035681074395427,0.038566019166848,0.0418353153782529,0.049625770123024,992.692888266135,1.00334187001305
"320","pr_halfletter[106]",0.0382955777790554,0.000150440633488067,0.00473400734020733,0.0302392954323105,0.0350298709433136,0.03786541152361,0.0410932424855415,0.0487351998943287,990.210544980405,1.00335212736078
"321","pr_halfletter[107]",0.0376094937042093,0.000148167312775416,0.00465679744345379,0.0296893645600531,0.0344026813806121,0.0371837931988658,0.0403600196028537,0.0478680242049601,987.801967594345,1.00336214446735
"322","pr_halfletter[108]",0.0369414652542747,0.000145940652752295,0.00458138433408384,0.0291541871502699,0.0337870532958569,0.0365193942284785,0.0396399455432859,0.0470234437983487,985.464273158552,1.00337192824342
"323","pr_halfletter[109]",0.0362908718414138,0.00014375954608095,0.0045077151140881,0.0286332441842374,0.0331856570888282,0.0358722360532732,0.0389395662836725,0.0462041865912925,983.194717107486,1.00338148537926
"324","pr_halfletter[110]",0.0356571189950362,0.000141622910370527,0.00443573872014555,0.0281260390876879,0.0326001052382741,0.0352419731428308,0.038265954086746,0.0454322654179799,980.990685452897,1.00339082235146
"325","pr_halfletter[111]",0.035039637070125,0.0001395296880006,0.00436540585268247,0.0276320965856735,0.03203035837228,0.0346310727679987,0.0376074057149522,0.0446791084233869,978.849687478734,1.00339994542964
"326","pr_halfletter[112]",0.0344378800285099,0.000137478845898571,0.00429666890781143,0.0271509616244258,0.0314753668992439,0.0340344562119895,0.0369614150626497,0.0439276204356525,976.769348901553,1.00340886068288
"327","pr_halfletter[113]",0.0338513242884848,0.000135469375276975,0.00422948191203971,0.0266821983558117,0.030936065307031,0.0334508529254448,0.0363317371254816,0.0431888092141399,974.747405463685,1.00341757398616
"328","pr_halfletter[114]",0.0332794676384818,0.000133500291336145,0.00416380045963958,0.0262253891803028,0.0304110512567554,0.0328842517417634,0.0357178336959502,0.04246768983398,972.781696928551,1.00342609102657
"329","pr_halfletter[115]",0.0327218282108165,0.000131570632937136,0.00409958165257533,0.0257801338446713,0.0298988518976488,0.0323337269091517,0.0351191883085519,0.0417641576363953,970.870161450095,1.00343441730941
"330","pr_halfletter[116]",0.0321779435117838,0.00012967946224933,0.00403678404288535,0.0253460485908962,0.0293981521310549,0.0317961856000091,0.0345363112327425,0.0410801457892902,969.010830290394,1.00344255816416
"331","pr_halfletter[117]",0.0316473695046438,0.000127825864376691,0.00397536757742019,0.0249227653530127,0.0289099570753963,0.0312695287139266,0.0339662213978496,0.0404233515051626,967.201822861373,1.00345051875024
"332","pr_halfletter[118]",0.0311296797422679,0.000126008946966226,0.00391529354484099,0.0245099309988692,0.0284328380755622,0.0307561895284856,0.0334118128943695,0.0397818997179155,965.441342068485,1.00345830406265
"333","pr_halfletter[119]",0.0306244645464316,0.000124227839801858,0.00385652452478576,0.0241072066139667,0.0279675293305751,0.0302554874204111,0.0328693814411255,0.0391497112890444,963.727669935795,1.00346591893746
"334","pr_halfletter[120]",0.0301313302309451,0.00012248169438655,0.00379902433911411,0.0237142668247557,0.0275136757901586,0.0297662745947755,0.0323398561353389,0.0385256590871783,962.059163493523,1.00347336805712
"335","pr_halfletter[121]",0.0296498983659965,0.000120769683515272,0.00374275800514432,0.0233307991589433,0.0270711313574096,0.0292886520946401,0.031824302266253,0.0379162117605379,960.434250910296,1.00348065595562
"336","pr_halfletter[122]",0.0291798050812562,0.000119091000841046,0.00368769169079966,0.0229565034405324,0.0266397431426652,0.0288246878793882,0.0313196463839412,0.0373280103959683,958.851427854007,1.0034877870235
"337","pr_halfletter[123]",0.0287207004054527,0.000117444860436141,0.00363379267158421,0.0225910912174726,0.0262187145838435,0.0283695373444762,0.0308288005613622,0.0367658643786899,957.309254066014,1.00349476551268
"338","pr_halfletter[124]",0.0282722476402787,0.000115830496350192,0.00358102928931112,0.022234285219941,0.0258074535566822,0.0279249768180589,0.0303478727529721,0.0362160734900609,955.806350134729,1.00350159554121
"339","pr_halfletter[125]",0.0278341227666248,0.000114247162166864,0.00352937091250958,0.0218858188474088,0.0254049971301144,0.0274908564680311,0.029877673409179,0.0356782846325735,954.341394455597,1.00350828109772
"340","pr_halfletter[126]",0.0274060138812674,0.000112694130560466,0.00347878789843964,0.0215454356827706,0.0250123052869477,0.0270683047305577,0.0294205263321979,0.0351521570395011,952.913120365338,1.00351482604591
"341","pr_halfletter[127]",0.0269876206622573,0.000111170692853771,0.00342925155664661,0.0212133645307374,0.0246287187229329,0.0266547790135179,0.0289728412932232,0.0346301505363305,951.520313439259,1.00352123412877
"342","pr_halfletter[128]",0.0265786538613672,0.000109676158578124,0.00338073411398988,0.0208893801964909,0.0242538234839143,0.0262503873044399,0.0285325010614127,0.0341174195445478,950.161808941368,1.00352750897266
"343","pr_halfletter[129]",0.0261788348220589,0.000108209855036817,0.00333320868108343,0.0205727156138947,0.0238873609385029,0.0258541769223937,0.0281027048954514,0.0336062010378822,948.836489417311,1.00353365409134
"344","pr_halfletter[130]",0.0257878950215296,0.000106771126872553,0.00328664922008812,0.0202631533157531,0.0235290819306984,0.025466633553887,0.0276853213955578,0.0331060411631868,947.543282421421,1.00353967288974
"345","pr_halfletter[131]",0.0254055756354848,0.000105359335639738,0.00324103051379813,0.0199604837997892,0.0231787463696443,0.0250880120782898,0.0272742367226198,0.0326168273912619,946.281158369283,1.00354556866774
"346","pr_halfletter[132]",0.0250316271243706,0.000103973859382215,0.00319632813596647,0.0196645051834247,0.0228361228397863,0.0247177653269729,0.0268724013696564,0.0321382743439939,945.049128508167,1.0035513446237
"347","pr_halfletter[133]",0.024665808839876,0.000102614092216993,0.00315251842281695,0.0193750228757711,0.0225009882302915,0.024356118992915,0.0264793713476554,0.0316700775263736,943.84624299793,1.0035570038579
"348","pr_halfletter[134]",0.0243078886505872,0.0001012794439244,0.00310957844569193,0.019091849265868,0.0221731273826572,0.0240024768502949,0.0260944464043083,0.031211943127708,942.671589095757,1.00356254937594
"349","pr_halfletter[135]",0.0239576425857479,9.9969339545081e-05,0.00306748598478768,0.0188148034262587,0.0218524517373957,0.0236553220688856,0.025717791453322,0.0307637297922708,941.524289438254,1.00356798409189
"350","pr_halfletter[136]",0.0236148544961374,9.86832189841166e-05,0.00302621950393101,0.018543710831055,0.0215395326929093,0.0233153054870306,0.0253495012567913,0.0303351668798231,940.40350041524,1.00357331083142
"351","pr_halfletter[137]",0.0232793157311444,9.74205366225651e-05,0.00298575812635299,0.0182784030876918,0.0212334189499966,0.0229829552879196,0.0249887415090382,0.0299136873182831,939.308410629405,1.00357853233481
"352","pr_halfletter[138]",0.0229508248311623,9.61807609365955e-05,0.00294608161141746,0.0180187176816227,0.0209336682660511,0.0226584998616324,0.0246363032523364,0.0294936816389674,938.238239437149,1.0035836512598
"353","pr_halfletter[139]",0.0226291872344911,9.49633741244064e-05,0.00290717033226382,0.0177644977332521,0.0206389592518835,0.0223401754671227,0.0242926652608918,0.0290865011189013,937.192235565331,1.00358867018441
"354","pr_halfletter[140]",0.0223142149979736,9.37678717410275e-05,0.00286900525432543,0.0175155917664423,0.0203505957008321,0.0220283882095131,0.0239551409074579,0.028690236953246,936.169675799832,1.00359359160961
"355","pr_halfletter[141]",0.0220057265306418,9.25937623410959e-05,0.00283156791468661,0.0172718534879751,0.0200681966521882,0.0217232275640325,0.0236239704109815,0.0283019076051664,935.169863741596,1.00359841796191
"356","pr_halfletter[142]",0.0217035463396911,9.14405671296619e-05,0.00279484040224286,0.017033141577381,0.0197915997545238,0.0214244731747323,0.0232996388787086,0.0279226516725814,934.192128626127,1.00360315159588
"357","pr_halfletter[143]",0.0214075047881402,9.03078196210348e-05,0.00275880533863053,0.0167993194865885,0.0195206481083792,0.021131809394352,0.0229822591419093,0.0275514282554736,933.235824202985,1.0036077947965
"358","pr_halfletter[144]",0.0211174378635692,8.91950653056673e-05,0.00272344585989347,0.0165702552488737,0.0192548374275658,0.0208450620859748,0.0226708112730743,0.0271874217111968,932.300327671805,1.00361234978157
"359","pr_halfletter[145]",0.0208331869573684,8.81018613250636e-05,0.00268874559885585,0.016345821296624,0.0189941178656723,0.0205640739062654,0.0223655906569823,0.0268233650492898,931.385038671381,1.00361681870385
"360","pr_halfletter[146]",0.0205545986539556,8.70277761546421e-05,0.00265468866817166,0.0161258942874572,0.0187386318207935,0.0202887676371419,0.022066450486648,0.0264714493417678,930.489378319223,1.00362120365332
"361","pr_halfletter[147]",0.0202815245294578,8.59723892945068e-05,0.00262125964402237,0.0159103549382624,0.018488396486631,0.0200191032225523,0.0217742267178036,0.0261267557483796,929.612788298444,1.00362550665917
"362","pr_halfletter[148]",0.0200138209593764,8.49352909680423e-05,0.00258844355043611,0.0156990878667562,0.0182433414185585,0.0197542915220523,0.0214878068300235,0.0257885684746842,928.754729989412,1.00362972969188
"363","pr_halfletter[149]",0.0197513489347847,8.39160818282356e-05,0.00255622584420222,0.0154919814401695,0.0180039074268422,0.0194947394076332,0.021206790611162,0.0254568254184592,927.914683643776,1.0036338746651
"364","pr_halfletter[150]",0.0194939738866299,8.29143726716276e-05,0.00252459240035666,0.0152889276307027,0.0177692139670751,0.0192401002569944,0.0209303468275063,0.0251313658151978,927.092147598436,1.00363794343755
"365","pr_halfletter[151]",0.019241565517738,8.1929784159778e-05,0.00249352949821468,0.015089821877407,0.0175381653329708,0.0189904572320411,0.0206592327808582,0.0248120338251128,926.28663752729,1.00364193781481
"366","pr_halfletter[152]",0.0189939976421398,8.09619465481186e-05,0.00246302380792804,0.0148945629541692,0.0173114188446512,0.0187456139156818,0.0203941337296544,0.0244986783552326,925.497685728805,1.00364585955106
"367","pr_halfletter[153]",0.0187511480313571,8.00104994220767e-05,0.00243306237754543,0.0147030528434958,0.017089020779923,0.0185054150883304,0.0201341495650864,0.0241910609158636,924.724840447282,1.00364971035073
"368","pr_halfletter[154]",0.018512898267312,7.90750914403235e-05,0.00240363262055526,0.0145151966158081,0.0168710317853229,0.0182695848188813,0.0198796141766628,0.0238890963814471,923.967665226216,1.00365349187014
"369","pr_halfletter[155]",0.0182791336015329,7.81553800850178e-05,0.00237472230389114,0.0143309023139755,0.01665738982954,0.0180380628995414,0.0196292394316017,0.0235926871559348,923.225738291882,1.00365720571905
"370","pr_halfletter[156]",0.0180497428203572,7.72510314188944e-05,0.00234631953638135,0.0141500808428323,0.0164473947682993,0.017810892711214,0.019383058061563,0.0233016690566412,922.498651965698,1.00366085346215
"371","pr_halfletter[157]",0.0178246181158397,7.6361719849065e-05,0.00231841275762394,0.0139726458634328,0.01624236168454,0.0175881155519726,0.0191414504262171,0.0230159151382901,921.786012103625,1.00366443662053
"372","pr_halfletter[158]",0.0176036549620945,7.54871278973694e-05,0.00229099072727053,0.013798513691816,0.0160404614508677,0.0173695572801993,0.0189042612402559,0.0227343705135552,921.087437561489,1.00366795667305
"373","pr_halfletter[159]",0.017386751996814,7.46269459771422e-05,0.00226404251470209,0.0136276032020621,0.0158422268052163,0.0171550271551272,0.0186711222438296,0.0224549236170167,920.402559684588,1.0036714150577
"374","pr_halfletter[160]",0.0171738109077169,7.37808721762362e-05,0.00223755748908098,0.0134598357334358,0.0156472460458747,0.0169444272965095,0.0184424807158444,0.0221805639337492,919.731021820564,1.0036748131729
"375","pr_halfletter[161]",0.0169647363236974,7.29486120461634e-05,0.00221152530976413,0.0132951350014204,0.0154559359426941,0.0167379099568261,0.0182181439520362,0.0219111425432758,919.072478854107,1.00367815237876
"376","pr_halfletter[162]",0.0167594357104528,7.21298783971909e-05,0.002185935917063,0.0131334270124594,0.0152680983244939,0.0165354331058714,0.0179989304590217,0.0216499992368315,918.426596762702,1.00368143399827
"377","pr_halfletter[163]",0.0165578192703829,7.1324391099261e-05,0.00216077952333626,0.0129745021675033,0.0150836500124394,0.0163364614369273,0.0177824500942829,0.0213951903843555,917.793052191941,1.00368465931849
"378","pr_halfletter[164]",0.0163597998465635,7.05318768885706e-05,0.0021360466044022,0.0128184008147364,0.0149024944881416,0.0161407566573206,0.0175694498187381,0.0211448015763167,917.17153204981,1.00368782959167
"379","pr_halfletter[165]",0.0161652928306061,6.97520691796758e-05,0.00211172789125808,0.0126650900719797,0.0147244417153395,0.0159489130898136,0.0173605651940147,0.0208987322968918,916.561733118768,1.00369094603633
"380","pr_halfletter[166]",0.0159742160742271,6.8984707882975e-05,0.00208781436209432,0.0125145040469824,0.0145495490206187,0.015760056886706,0.0171553637579036,0.0206569548551346,915.963361684723,1.0036940098383
"381","pr_halfletter[167]",0.0157864898043561,6.82295392274234e-05,0.00206429723459188,0.0123665787741036,0.0143777423466027,0.0155745328956776,0.0169537598907068,0.0204193452091213,915.376133182241,1.00369702215178
"382","pr_halfletter[168]",0.0156020365416253,6.74863155883449e-05,0.00204116795849175,0.0122212521473469,0.0142089497844168,0.0153920852302061,0.0167556704326715,0.0201857300585402,914.799771854974,1.00369998410027
"383","pr_halfletter[169]",0.0154207810220861,6.67547953201963e-05,0.002018418208426,0.0120784638560849,0.0140431014996149,0.01521281618465,0.0165610146001346,0.0199541421714606,914.234010430787,1.00370289677752
"384","pr_halfletter[170]",0.0152426501220095,6.60347425941546e-05,0.00199603987700001,0.0119381553233522,0.0138801296610561,0.015036805993349,0.0163696077343352,0.0197250427728676,913.678589810657,1.00370576124847
"385","pr_halfletter[171]",0.0150675727856321,6.53259272403903e-05,0.00197402506811625,0.0118002696465885,0.0137199683725986,0.0148638189993441,0.016181298698372,0.019499830347906,913.133258770772,1.0037085785501
"386","pr_halfletter[172]",0.014895479955718,6.46281245948927e-05,0.00195236609053024,0.0116647515407248,0.0135625536074855,0.0146937866763608,0.0159962057744091,0.0192784041947431,912.597773677306,1.00371134969232
"387","pr_halfletter[173]",0.0147263045068126,6.39411153507272e-05,0.00193105545162978,0.0115315472835048,0.0134078231453014,0.0145266424198075,0.0158142564725119,0.0190607025859971,912.071898213011,1.00371407565874
"388","pr_halfletter[174]",0.0145599811810691,6.32646854135907e-05,0.00191008585142871,0.0114006046629437,0.013255716511386,0.0143623214442093,0.0156353803242766,0.0188466430270572,911.55540311531,1.00371675740749
"389","pr_halfletter[175]",0.0143964465265372,6.2598625761547e-05,0.00188945017676717,0.0112718729268297,0.0131061749185971,0.0142005870819216,0.0154595088158738,0.018636104849517,911.048065925189,1.00371939587202
"390","pr_halfletter[176]",0.0142356388378058,6.19427323088192e-05,0.00186914149571039,0.0111453027341777,0.0129591412113185,0.014041558627032,0.0152865753236524,0.0184290318181125,910.549670746501,1.00372199196176
"391","pr_halfletter[177]",0.0140774980988987,6.12968057735266e-05,0.00184915305213841,0.0110208461085502,0.0128145598116156,0.0138851762909614,0.015116515052193,0.0182253688232908,910.060008015029,1.00372454656293
"392","pr_halfletter[178]",0.0139219659283273,6.06606515492434e-05,0.00182947826051967,0.0108984563931637,0.0126723766674462,0.0137313577133802,0.0149499132194822,0.0180250418839391,909.578874277089,1.00372706053916
"393","pr_halfletter[179]",0.013768985526206,6.00340795802779e-05,0.00181011070086125,0.010778088207703,0.0125325392028355,0.0135799766864363,0.0147867627540346,0.0178279790012448,909.106071976973,1.0037295347322
"394","pr_halfletter[180]",0.0136185016233454,5.94169042405531e-05,0.00179104411382939,0.0106596974067714,0.0123949962699334,0.0134310765130763,0.0146262510360039,0.0176341100957248,908.641409253058,1.00373196996253
"395","pr_halfletter[181]",0.0134704604322373,5.88089442159911e-05,0.00177227239603377,0.0105432410399036,0.0122596981028717,0.0132846034698627,0.0144679943004374,0.0174433669465597,908.184699741998,1.00373436703003
"396","pr_halfletter[182]",0.0133248095998535,5.82100223902916e-05,0.00175378959546938,0.0104286773130781,0.012126684492409,0.0131405052745969,0.0143119730818808,0.0172556831331379,907.735762390795,1.00373672671455
"397","pr_halfletter[183]",0.0131814981621815,5.76199657340084e-05,0.00173558990711026,0.0103159655516627,0.0119961955173905,0.0129987310403365,0.0141584489986135,0.0170709939787197,907.29442127623,1.0037390497765
"398","pr_halfletter[184]",0.0130404765004252,5.70386051968225e-05,0.00171766766864933,0.0102050661647337,0.0118678198544891,0.0128593607845698,0.0140073693185428,0.016889236496133,906.860505431507,1.00374133695745
"399","pr_halfletter[185]",0.0129016962988016,5.64657756029208e-05,0.00170001735637903,0.0100959406107117,0.0117414853263891,0.0127225062347755,0.013858586497718,0.0167106855464333,906.433848679568,1.0037435889806
"400","pr_halfletter[186]",0.0127651105038675,5.59013155493824e-05,0.00168263358120752,0.00998855136425793,0.011616939528336,0.0125878156002543,0.0137118966995754,0.0165350327039633,906.014289473018,1.0037458065514
"401","pr_halfletter[187]",0.0126306732853134,5.53450673074885e-05,0.00166551108480543,0.00988286188437854,0.0114941392692717,0.0124551580801348,0.0135675136567543,0.0163621169556464,905.601670740149,1.00374799035799
"402","pr_halfletter[188]",0.0124983399981647,5.47968767268624e-05,0.00164864473587847,0.00977883658368827,0.0113732701216998,0.0123243729686685,0.0134259980431589,0.0161918820957755,905.195839736993,1.00375014107174
"403","pr_halfletter[189]",0.0123680671463335,5.42565931423594e-05,0.00163202952656133,0.00967644079878426,0.0112542919270007,0.0121956300000384,0.0132868278242453,0.0160242733446346,904.796647905004,1.00375225934769
"404","pr_halfletter[190]",0.0122398123474653,5.37240692836241e-05,0.00161566056892828,0.00957564076168534,0.0111371655619211,0.0120688870246366,0.013149797977355,0.0158594866445246,904.40395073408,1.00375434582506
"405","pr_halfletter[191]",0.0121135342990293,5.31991611872281e-05,0.00159953309161652,0.00947640357229309,0.0110218529068034,0.0119441029709509,0.0130146318312478,0.0156976175341116,904.017607630965,1.00375640112764
"406","pr_halfletter[192]",0.011989192745603,5.268172811132e-05,0.001583642436558,0.00937866659538477,0.0109083168149431,0.0118212378127595,0.0128811800476184,0.0155375540899151,903.637481792469,1.0037584258643
"407","pr_halfletter[193]",0.0118667484473014,5.21716324527072e-05,0.00156798405581591,0.00928240847143133,0.0107965210830288,0.0117002760398146,0.0127497616815527,0.0153792289784498,903.263440083454,1.00376042062932
"408","pr_halfletter[194]",0.0117461631493084,5.16687396662935e-05,0.00155255350852212,0.00918762126874854,0.0106864304226215,0.011581210006691,0.0126202836188567,0.0152238827177797,902.895352919471,1.00376238600288
"409","pr_halfletter[195]",0.0116273995524636,5.11729181868087e-05,0.00153734645791188,0.00909427523918253,0.0105780104326317,0.011463946023523,0.0124925923349098,0.0150709868149896,902.533094153622,1.0037643225514
"410","pr_halfletter[196]",0.0115104212848663,5.0684039352754e-05,0.00152235866845236,0.00900234138108297,0.0104712275727553,0.0113484480329494,0.0123668222047222,0.0149203689571465,902.176540967713,1.00376623082795
"411","pr_halfletter[197]",0.011395192874454,5.0201977332501e-05,0.00150758600306186,0.00891179141698861,0.010366049137829,0.0112346808718329,0.0122429350222808,0.0147721163903922,901.82557376736,1.00376811137259
"412","pr_halfletter[198]",0.0112816797225194,4.97266090524782e-05,0.00149302442041614,0.00882259777208554,0.0102624455980411,0.0111226102448737,0.012120893523127,0.0146263858325578,901.480076080883,1.00376996471277
"413","pr_halfletter[199]",0.0111698480781291,4.925781412738e-05,0.00147866997233925,0.00873473355340751,0.0101604360449746,0.0110122026991221,0.0120006613567524,0.0144827795553229,901.13993446199,1.00377179136364
"414","pr_halfletter[200]",0.0110596650134079,4.87954747923419e-05,0.00146451880127551,0.00864817252974922,0.0100599356870376,0.0109034322555612,0.0118822030599312,0.0143412423355578,900.805038395838,1.00377359182839
"415","lp__",-659.328618687694,0.0561918513472711,1.57362200005278,-663.320970701502,-660.171654681209,-659.035987629544,-658.141791660961,-657.245769821225,784.249328039644,1.00682867738724
